fecha;Operacion;Ticker;Precio_USA;Cantidad_USA;Inversion_USA;Broker;tipo;Posicion_Acum;Es_Cierre;ID_Trade;Precio_Unitario;PPP_Actual;Estado_Trade
2023-08-04;Compra;AAL;18.12;5.5;-99.66000000000001;Veta;accion;5.5;0;1;18.12;18.12;Cerrado
2023-08-10;Compra;AAL;17.88;0.5;-8.94;Veta;accion;6.0;0;1;17.88;18.1;Cerrado
2023-08-10;Venta;AAL;18.5;-0.5;9.25;Veta;accion;5.5;0;1;18.5;18.1;Cerrado
2023-08-18;Compra;AAL;17.2;3.0;-51.599999999999994;Veta;accion;8.5;0;1;17.2;17.78235294117647;Cerrado
2023-08-23;Compra;AAL;16.96;5.0;-84.80000000000001;Veta;accion;13.5;0;1;16.96;17.477777777777778;Cerrado
2023-08-23;Venta;AAL;16.66;-5.0;83.3;Veta;accion;8.5;0;1;16.66;17.477777777777778;Cerrado
2024-06-12;Compra;AAL;11.74;8.5;-99.79;Veta;accion;17.0;0;1;11.74;14.608888888888888;Cerrado
2024-08-13;Compra;AAL;9.77;15.3531;-149.999787;Quantfury;accion;32.3531;0;1;9.77;12.312603679743551;Cerrado
2025-02-25;Venta;AAL;15.0;-15.3531;230.29649999999998;Quantfury;accion;17.0;0;1;15.0;12.312603679743551;Cerrado
2025-02-25;Venta;AAL;15.0;-17.0;255.0;Veta;accion;0.0;1;1;15.0;0.0;Cerrado
2025-03-17;Compra;AAL;11.46;7.0;-80.22;Veta;accion;7.0;0;2;11.459999999999999;11.459999999999999;Cerrado
2025-10-17;Venta;AAL;11.66;-7.0;81.62;Veta;accion;0.0;1;2;11.66;0.0;Cerrado
2023-08-07;Compra;AAPL;207.60000000000005;0.5;-103.80000000000003;Veta;accion;0.5;0;1;207.60000000000005;415.2000000000001;Cerrado
2023-08-11;Venta;AAPL;196.7;-0.5;98.35;Veta;accion;0.0;1;1;196.7;0.0;Cerrado
2023-08-11;Compra;AAPL;197.7;0.5;-98.85;Veta;accion;0.5;0;2;197.7;395.4;Cerrado
2023-08-14;Compra;AAPL;187.10000000000005;0.2;-37.42000000000001;Veta;accion;0.7;0;2;187.10000000000002;389.3428571428572;Cerrado
2024-03-06;Compra;AAPL;178.6;1.15;-205.39;Veta;accion;1.85;0;2;178.6;227.7733333333333;Cerrado
2024-06-12;Venta;AAPL;217.6;-1.85;402.56;Veta;accion;-0.0;1;2;217.6;0.0;Cerrado
2025-04-07;Compra;AAPL;190.2;1.0;-190.2;Veta;accion;1.0;0;3;190.2;190.2;Abierto
2025-05-06;Compra;AAPL;202.8;0.8;-162.24;Veta;accion;1.8;0;3;202.8;195.79999999999998;Abierto
2026-03-03;Venta;AAPL;269.0;-0.9;242.1;Veta;accion;0.9;0;3;269.0;195.79999999999998;Abierto
2023-01-19;Compra;ABBV;161.0;1.4;-225.39999999999998;Veta;accion;1.4;0;1;161.0;161.0;Cerrado
2023-01-30;Venta;ABBV;151.2;-1.4;211.67999999999998;Veta;accion;0.0;1;1;151.2;0.0;Cerrado
2024-04-08;Compra;ABEV;7.63;31.0;-236.53;Veta;accion;31.0;0;1;7.63;7.63;Cerrado
2025-01-17;Compra;ABEV;1.78;44.9438;-79.999964;Quantfury;accion;75.9438;0;1;1.78;4.167950036737692;Cerrado
2025-05-06;Venta;ABEV;7.51;-31.0;232.81;Veta;accion;44.9438;0;1;7.51;4.167950036737692;Cerrado
2025-06-05;Venta;ABEV;2.46;-44.9438;110.56174800000001;Quantfury;accion;0.0;1;1;2.46;0.0;Cerrado
2024-09-18;Compra;ADBE;522.72;0.272727;-142.56;Veta;accion;0.272727;0;1;522.72;522.72;Abierto
2024-12-12;Compra;ADBE;488.84;0.272727;-133.32;Veta;accion;0.545454;0;1;488.84000000000003;505.78000000000003;Abierto
2025-06-27;Compra;ADBE;391.6;0.204545;-80.1;Veta;accion;0.749999;0;1;391.6000000000001;474.6400000000001;Abierto
2025-08-13;Compra;ADBE;353.76;0.204545;-72.35999999999999;Veta;accion;0.954544;0;1;353.76;448.737142857143;Abierto
2025-10-15;Compra;ADBE;330.25;0.3028;-99.9997;Quantfury;accion;1.257344;0;1;330.25;420.20249732481136;Abierto
2026-02-25;Compra;ADBE;255.2;0.1959;-49.99368;Quantfury;accion;1.453244;0;1;255.2;397.9598753886287;Abierto
2026-03-02;Compra;ADBE;271.69;0.184;-49.99096;Quantfury;accion;1.637244;0;1;271.69;383.76917661038226;Abierto
2024-10-30;Compra;AMD;152.79999999999998;1.4;-213.91999999999996;Veta;accion;1.4;0;1;152.79999999999998;152.79999999999998;Cerrado
2024-11-15;Compra;AMD;140.9;0.8;-112.72000000000001;Veta;accion;2.2;0;1;140.9;148.47272727272724;Cerrado
2025-03-01;Compra;AMD;125.02;1.1998;-149.998996;Quantfury;accion;3.3998;0;1;125.02000000000001;140.1961868345197;Cerrado
2025-03-07;Compra;AMD;99.9;0.8;-79.92000000000002;Veta;accion;4.1998;0;1;99.90000000000002;132.52035715986474;Cerrado
2025-08-12;Venta;AMD;174.1;-3.0;522.3;Veta;accion;1.1998;0;1;174.1;132.52035715986474;Cerrado
2025-12-08;Venta;AMD;174.39;-1.1998;209.23312199999998;Quantfury;accion;-0.0;1;1;174.39;0.0;Cerrado
2024-08-02;Compra;AMZN;162.71999999999997;0.847222;-137.85999999999999;Veta;accion;0.847222;0;1;162.72;162.72;Abierto
2025-03-07;Compra;AMZN;200.16;0.416667;-83.4;Veta;accion;1.263889;0;1;200.16;175.06285714285715;Abierto
2025-03-26;Compra;AMZN;203.04;0.694444;-141.0;Veta;accion;1.958333;0;1;203.04000000000002;184.98382978723404;Abierto
2025-06-03;Compra;AMZN;204.69;0.4886;-100.011534;Quantfury;accion;2.446933;0;1;204.69;188.9187284764603;Abierto
2025-10-17;Compra;AMZN;210.24;0.381944;-80.3;Veta;accion;2.828877;0;1;210.24;191.79744641573612;Abierto
2026-06-02;Compra;AMZN;207.3;0.193;-40.008900000000004;Quantfury;accion;3.021877;0;1;207.3;192.78755689067503;Abierto
2023-01-30;Compra;BABA;116.82;4.0;-467.28;Veta;accion;4.0;0;1;116.82;116.82;Cerrado
2023-05-11;Compra;BABA;91.98;2.555556;-235.06000000000003;Veta;accion;6.555556;0;1;91.98;107.13661016949153;Cerrado
2024-01-01;Venta;BABA;190.0;-4.0;760.0;Ajuste_Manual;accion;2.555556;0;1;;;Cerrado
2024-08-15;Venta;BABA;78.92999999999999;-2.555556;192.94;Veta;accion;0.0;1;1;78.92999999999999;107.13661016949153;Cerrado
2023-05-23;Compra;BAC;30.72;7.0;-215.04;Veta;accion;7.0;0;1;61.44;61.44;Cerrado
2023-07-31;Venta;BAC;34.42;-5.0;172.10000000000002;Veta;accion;2.0;0;1;68.84;61.44;Cerrado
2023-07-31;Compra;BAC;34.52;5.0;-172.60000000000002;Veta;accion;7.0;0;1;69.04;66.86857142857143;Cerrado
2023-08-01;Compra;BAC;34.54;2.0;-69.08;Veta;accion;9.0;0;1;69.08;67.36;Cerrado
2023-08-01;Venta;BAC;34.46;-2.0;68.92;Veta;accion;7.0;0;1;68.92;67.36;Cerrado
2023-08-15;Compra;BAC;30.5;1.0;-30.5;Veta;accion;8.0;0;1;61.0;66.565;Cerrado
2023-08-15;Venta;BAC;30.86;-1.0;30.86;Veta;accion;7.0;0;1;61.72;66.565;Cerrado
2023-09-28;Compra;BAC;32.28;7.0;-225.96;Veta;accion;14.0;0;1;64.56;65.5625;Cerrado
2024-11-06;Venta;BAC;45.28;-14.0;633.9200000000001;Veta;accion;0.0;1;1;45.28000000000001;0.0;Cerrado
2024-01-25;Compra;BBD;3.33;51.0;-169.83;Veta;accion;51.0;0;1;3.33;3.33;Cerrado
2024-05-13;Compra;BBD;2.74;40.0;-109.60000000000001;Veta;accion;91.0;0;1;2.74;3.0706593406593408;Cerrado
2025-01-17;Compra;BBD;2.01;25.0;-50.24999999999999;Veta;accion;116.0;0;1;2.01;2.8420689655172415;Cerrado
2025-10-30;Venta;BBD;3.42;-30.0;102.6;Veta;accion;86.0;0;1;3.42;2.8420689655172415;Cerrado
2025-11-11;Venta;BBD;3.76;-40.0;150.39999999999998;Veta;accion;46.0;0;1;3.7599999999999993;2.8420689655172415;Cerrado
2026-03-03;Venta;BBD;3.87;-46.0;178.02;Veta;accion;0.0;1;1;3.87;0.0;Cerrado
2024-02-07;Compra;BF;42.37;0.472;-19.998639999999998;Quantfury;accion;0.472;0;1;42.37;42.37;Cerrado
2025-01-17;Compra;BF;34.3;0.5831;-20.000329999999998;Quantfury;accion;1.0551;0;1;34.3;37.91012226329258;Cerrado
2025-10-14;Venta;BF;27.07;-1.0551;28.561556999999997;Quantfury;accion;0.0;1;1;27.07;0.0;Cerrado
2024-01-07;Compra;BIOX;5.585;1.7905;-19.999885;Quantfury;accion;1.7905;0;1;5.585;11.17;Cerrado
2024-02-08;Venta;BIOX;10.07;-1.7905;18.030335;Quantfury;accion;0.0;1;1;10.07;0.0;Cerrado
2024-11-06;Compra;BIOX;6.75;20.0;-135.0;Veta;accion;20.0;0;2;6.75;6.75;Cerrado
2024-11-26;Compra;BIOX;7.32;20.0;-146.4;Veta;accion;40.0;0;2;7.32;7.034999999999999;Cerrado
2025-10-14;Venta;BIOX;1.5;-40.0;60.0;Veta;accion;0.0;1;2;1.5;0.0;Cerrado
2024-01-31;Compra;BITF;12.49;7.0;-87.43;Veta;accion;7.0;0;1;12.49;12.49;Cerrado
2024-10-18;Compra;BITF;10.63;9.0;-95.67;Veta;accion;16.0;0;1;10.63;11.443750000000001;Cerrado
2024-11-26;Compra;BITF;10.11;8.0;-80.88;Veta;accion;24.0;0;1;10.11;10.999166666666667;Cerrado
2025-06-27;Compra;BITF;3.9;35.0;-136.5;Veta;accion;59.0;0;1;3.9;6.787796610169492;Cerrado
2025-09-12;Venta;BITF;10.86;-29.0;314.94;Veta;accion;30.0;0;1;10.86;6.787796610169492;Cerrado
2025-09-17;Venta;BITF;15.27;-30.0;458.09999999999997;Veta;accion;0.0;1;1;15.27;0.0;Cerrado
2024-01-31;Compra;BNG;94.15;1.8;-169.47000000000003;Veta;accion;1.8;0;1;94.15000000000002;94.15000000000002;Cerrado
2024-04-11;Venta;BNG;111.6;-1.8;200.88;Veta;accion;0.0;1;1;111.6;0.0;Cerrado
2024-10-18;Compra;BNG;93.05;2.2;-204.71;Veta;accion;2.2;0;2;93.05;93.05;Cerrado
2024-11-06;Compra;BNG;87.75;2.2;-193.05;Veta;accion;4.4;0;2;87.75;90.39999999999999;Cerrado
2025-04-23;Venta;BNG;79.4;-4.4;349.36000000000007;Veta;accion;0.0;1;2;79.4;0.0;Cerrado
2025-10-14;Compra;BRKB;501.38;0.545455;-273.47999999999996;Veta;accion;0.545455;0;1;501.37999999999994;501.37999999999994;Abierto
2024-12-08;Compra;CMG;55.94;0.3575;-19.998549999999998;Quantfury;accion;0.3575;0;1;55.94;55.94;Cerrado
2024-12-12;Venta;CMG;66.57;-0.3575;23.798774999999996;Quantfury;accion;0.0;1;1;66.57;0.0;Cerrado
2024-06-12;Compra;CNC;56.77;0.8807;-49.997339000000004;Quantfury;accion;0.8807;0;1;56.77;56.77;Cerrado
2024-08-11;Compra;CNC;60.53;1.1565;-70.00294500000001;Quantfury;accion;2.0372;0;1;60.53000000000001;58.90451796583546;Cerrado
2024-10-30;Compra;CNC;61.8;1.6181;-99.99858;Quantfury;accion;3.6553;0;1;61.8;60.18626761141356;Cerrado
2026-03-03;Venta;CNC;43.43;-3.6553;158.749679;Quantfury;accion;0.0;1;1;43.43;0.0;Cerrado
2025-08-13;Compra;CRM;238.5;0.555556;-132.5;Veta;accion;0.555556;0;1;238.5;238.5;Cerrado
2026-02-03;Venta;CRM;198.0;-0.555556;110.0;Veta;accion;0.0;1;1;198.0;0.0;Cerrado
2024-12-07;Compra;CSGP;75.67;0.2643;-19.999581;Quantfury;accion;0.2643;0;1;75.67;75.67;Cerrado
2025-10-14;Venta;CSGP;75.08;-0.2643;19.843643999999998;Quantfury;accion;0.0;1;1;75.08;0.0;Cerrado
2024-08-19;Compra;CSL;406.2;0.0492;-19.98504;Quantfury;accion;0.0492;0;1;406.20000000000005;406.20000000000005;Cerrado
2025-10-14;Venta;CSL;328.7;-0.0492;16.17204;Quantfury;accion;0.0;1;1;328.7;0.0;Cerrado
2024-12-08;Compra;DECK;912.47;0.0219;-19.983093;Quantfury;accion;0.0219;0;1;912.47;912.47;Cerrado
2024-12-12;Venta;DECK;203.81;-0.0219;26.801015000000003;Quantfury;accion;0.0;1;1;203.81;0.0;Cerrado
2023-01-06;Compra;DIS;97.56;2.25;-219.51;Veta;accion;2.25;0;1;97.56;97.56;Cerrado
2023-01-23;Venta;DIS;108.72;-2.25;244.62;Veta;accion;0.0;1;1;108.72;0.0;Cerrado
2023-06-07;Compra;DIS;97.56;1.833333;-178.85999999999999;Veta;accion;1.833333;0;2;97.56;97.56;Cerrado
2023-06-26;Compra;DIS;95.4;1.0;-95.4;Veta;accion;2.833333;0;2;95.4;96.79764705882354;Cerrado
2023-07-25;Compra;DIS;94.2;1.0;-94.2;Veta;accion;3.833333;0;2;94.2;96.12;Cerrado
2023-07-27;Venta;DIS;93.24;-0.083333;7.769999999999997;Veta;accion;3.75;0;2;93.24;96.12;Cerrado
2023-07-27;Compra;DIS;94.08;0.083333;-7.839999999999997;Veta;accion;3.833333;0;2;94.08;96.07565217391304;Cerrado
2024-04-08;Venta;DIS;123.12;-3.833333;471.96000000000004;Veta;accion;0.0;1;2;123.12;0.0;Cerrado
2024-08-13;Compra;DIS;85.53;1.7538;-150.002514;Quantfury;accion;1.7538;0;3;85.52999999999999;85.52999999999999;Abierto
2024-11-14;Venta;DIS;110.03;-0.9353;102.91105900000001;Quantfury;accion;0.8185;0;3;110.03;85.52999999999999;Abierto
2025-10-03;Venta;DIS;102.47;-0.8184;83.861448;Quantfury;accion;0.0001;0;3;102.47;85.52999999999999;Abierto
2024-12-12;Venta;EFX;266.67;-0.075;20.00025;Quantfury;accion;-0.075;0;1;266.67;0.0;Cerrado
2024-12-12;Compra;EFX;267.12;0.075;-20.034;Quantfury;accion;0.0;1;1;267.12;267.12;Cerrado
2024-05-08;Venta;ENOV;41.92;-0.4349;18.231008000000003;Quantfury;accion;-0.4349;0;1;41.92000000000001;0.0;Cerrado
2024-12-07;Compra;ENOV;45.99;0.4349;-20.001051;Quantfury;accion;0.0;1;1;45.99;45.99;Cerrado
2024-08-13;Compra;F;10.05;14.9254;-150.00027;Quantfury;accion;14.9254;0;1;10.05;10.05;Abierto
2024-10-21;Compra;F;10.88;13.7868;-150.000384;Quantfury;accion;28.7122;0;1;10.88;10.4485429190379;Abierto
2025-10-27;Venta;F;13.24;-28.7121;380.148204;Quantfury;accion;0.0001;0;1;13.24;10.4485429190379;Abierto
2023-06-13;Compra;FDX;242.7;0.4;-97.08;Veta;accion;0.4;0;1;242.7;242.7;Cerrado
2023-06-22;Compra;FDX;249.1;0.2;-49.82;Veta;accion;0.6;0;1;249.1;244.83333333333331;Cerrado
2023-06-30;Venta;FDX;262.3;-0.6;157.38;Veta;accion;0.0;1;1;262.3;0.0;Cerrado
2024-01-31;Compra;FDX;257.7;0.3;-77.30999999999999;Veta;accion;0.3;0;2;257.7;257.7;Cerrado
2024-07-02;Venta;FDX;296.4;-0.3;88.91999999999999;Veta;accion;0.0;1;2;296.4;0.0;Cerrado
2023-06-30;Compra;FSLR;203.28;1.666667;-338.8;Veta;accion;1.666667;0;1;203.28;1219.68;Cerrado
2023-10-02;Venta;FSLR;183.75;-1.666667;306.25;Veta;accion;0.0;1;1;183.75;0.0;Cerrado
2025-03-25;Compra;FSLR;129.96;1.777778;-231.04;Veta;accion;1.777778;0;2;129.96;129.96;Cerrado
2025-09-23;Venta;FSLR;213.48;-0.888889;189.76;Veta;accion;0.888889;0;2;213.48;129.96;Cerrado
2025-11-20;Venta;FSLR;268.02;-0.444444;119.11999999999999;Veta;accion;0.444445;0;2;268.02;129.96;Cerrado
2026-01-29;Venta;FSLR;221.22;-0.444444;98.32;Veta;accion;1e-06;1;2;221.22;0.0;Cerrado
2024-07-16;Compra;GD;290.56;0.0688;-19.990528;Quantfury;accion;0.0688;0;1;290.56;290.56;Cerrado
2025-10-14;Venta;GD;334.16;-0.0688;22.990208000000003;Quantfury;accion;0.0;1;1;334.16;0.0;Cerrado
2023-01-30;Compra;GOOGL;102.66;3.0;-307.98;Veta;accion;3.0;0;1;102.66000000000001;102.66000000000001;Cerrado
2023-02-03;Venta;GOOGL;106.72;-3.0;320.15999999999997;Veta;accion;0.0;1;1;106.71999999999998;0.0;Cerrado
2023-07-13;Compra;GOOGL;135.14;1.724138;-233.0;Veta;accion;1.724138;0;2;135.14;135.14;Abierto
2023-07-27;Venta;GOOGL;142.68;-0.568966;81.18;Veta;accion;1.155172;0;2;142.68;135.14;Abierto
2023-07-27;Compra;GOOGL;143.26000000000002;0.568966;-81.51000000000002;Veta;accion;1.724138;0;2;143.26000000000002;137.81959999999998;Abierto
2024-08-13;Compra;GOOGL;164.29;0.6087;-100.003323;Quantfury;accion;2.332838;0;2;164.29;144.72643748993013;Abierto
2024-09-12;Compra;GOOGL;156.60000000000002;0.603448;-94.50000000000001;Veta;accion;2.936286;0;2;156.60000000000002;147.16662224038575;Abierto
2024-11-21;Compra;GOOGL;167.37;0.5975;-100.00357500000001;Quantfury;accion;3.533786;0;2;167.37;150.58265182016356;Abierto
2025-02-25;Compra;GOOGL;178.06;0.517241;-92.10000000000001;Veta;accion;4.051027;0;2;178.06;154.0910015338807;Abierto
2025-03-26;Compra;GOOGL;167.62;0.913793;-153.17000000000004;Veta;accion;4.96482;0;2;167.62000000000003;156.58106235735846;Abierto
2025-05-02;Compra;GOOGL;190.49;0.2625;-50.00362500000001;Quantfury;accion;5.22732;0;2;190.49;158.2838651237563;Abierto
2025-05-07;Compra;GOOGL;151.96;1.206897;-183.4;Veta;accion;6.434217;0;2;151.96;157.09766784052718;Abierto
2025-06-27;Compra;GOOGL;173.42000000000002;0.965517;-167.44000000000003;Veta;accion;7.399734;0;2;173.42000000000002;159.22740548938617;Abierto
2025-11-04;Venta;GOOGL;278.98;-0.586207;163.54;Veta;accion;6.813527;0;2;278.98;159.22740548938617;Abierto
2025-11-20;Venta;GOOGL;310.29999999999995;-1.068966;331.69999999999993;Veta;accion;5.744561;0;2;310.29999999999995;159.22740548938617;Abierto
2026-01-29;Venta;GOOGL;327.53;-0.8812;288.61943599999995;Quantfury;accion;4.863361;0;2;327.53;159.22740548938617;Abierto
2026-02-03;Venta;GOOGL;307.31;-0.2937;90.25694700000001;Quantfury;accion;4.569661;0;2;307.31;159.22740548938617;Abierto
2024-02-07;Compra;GPN;96.34;0.2076;-20.000184;Quantfury;accion;0.2076;0;1;96.34;96.34;Cerrado
2025-10-14;Venta;GPN;84.8;-0.2076;17.60448;Quantfury;accion;0.0;1;1;84.8;0.0;Cerrado
2024-09-26;Compra;GT;8.15;12.2699;-99.999685;Quantfury;accion;12.2699;0;1;8.15;8.15;Cerrado
2024-10-21;Compra;GT;8.26;12.1065;-99.99969;Quantfury;accion;24.3764;0;1;8.26;8.204631323739354;Cerrado
2026-03-02;Venta;GT;9.89;-12.1882;120.54129800000001;Quantfury;accion;12.1882;0;1;9.89;8.204631323739354;Cerrado
2026-03-03;Venta;GT;8.0;-12.1882;97.5056;Quantfury;accion;0.0;1;1;8.0;0.0;Cerrado
2024-12-11;Compra;HAL;30.35;3.2949;-100.00021500000001;Quantfury;accion;3.2949;0;1;30.35;30.35;Abierto
2024-12-04;Compra;HMY;9.2;16.0;-147.2;Veta;accion;16.0;0;1;9.2;9.2;Cerrado
2025-01-24;Venta;HMY;10.76;-16.0;172.16;Veta;accion;0.0;1;1;10.76;0.0;Cerrado
2024-11-06;Compra;HOG;33.87;7.0;-237.08999999999997;Veta;accion;7.0;0;1;33.87;33.87;Cerrado
2025-06-27;Venta;HOG;23.67;-7.0;165.69;Veta;accion;0.0;1;1;23.669999999999998;0.0;Cerrado
2024-01-07;Compra;HSY;182.35;0.1097;-20.003795;Quantfury;accion;0.1097;0;1;182.35;182.35;Cerrado
2024-09-03;Compra;HSY;199.29;1.666667;-332.15;Veta;accion;1.776367;0;1;199.28999999999996;198.24386575594377;Cerrado
2024-09-12;Compra;HSY;201.81;0.142857;-28.829999999999988;Veta;accion;1.919224;0;1;201.81;198.50931043551833;Cerrado
2024-11-15;Venta;HSY;170.68;-0.1097;18.723596;Quantfury;accion;1.809524;0;1;170.68;198.50931043551833;Cerrado
2025-01-07;Venta;HSY;168.42;-1.809524;304.7599999999999;Veta;accion;0.0;1;1;168.41999999999996;0.0;Cerrado
2023-05-11;Compra;JD;39.54;5.5;-217.47;Veta;accion;5.5;0;1;39.54;79.08;Cerrado
2023-07-24;Compra;JD;41.56;4.5;-187.02;Veta;accion;10.0;0;1;41.56;80.898;Cerrado
2023-07-24;Venta;JD;41.44;-4.5;186.48;Veta;accion;5.5;0;1;41.44;80.898;Cerrado
2023-07-31;Venta;JD;44.98;-3.0;134.94;Veta;accion;2.5;0;1;44.98;80.898;Cerrado
2023-07-31;Compra;JD;44.78;3.0;-134.34;Veta;accion;5.5;0;1;44.78;85.62272727272727;Cerrado
2023-08-18;Compra;JD;37.6;4.5;-169.20000000000002;Veta;accion;10.0;0;1;37.6;80.9325;Cerrado
2024-01-16;Venta;JD;24.42;-10.0;244.20000000000002;Veta;accion;0.0;1;1;24.42;0.0;Cerrado
2023-10-05;Compra;KO;60.4;4.6;-277.84;Veta;accion;4.6;0;1;60.4;60.4;Cerrado
2024-09-03;Venta;KO;73.45;-4.6;337.87;Veta;accion;0.0;1;1;73.45;0.0;Cerrado
2024-09-10;Compra;KO;214.35;1.0;-214.35;Veta;accion;1.0;0;2;214.35;214.35;Cerrado
2025-01-06;Venta;KO;191.95;-1.0;191.95;Veta;accion;0.0;1;2;191.95;0.0;Cerrado
2024-02-07;Compra;LULU;302.24;0.0662;-20.008288;Quantfury;accion;0.0662;0;1;302.24;302.24;Cerrado
2024-12-12;Venta;LULU;391.56;-0.0662;25.921272;Quantfury;accion;0.0;1;1;391.56;0.0;Cerrado
2023-06-06;Compra;MA;398.64;0.787879;-314.08;Veta;accion;0.787879;0;1;398.64;398.64;Cerrado
2023-07-27;Venta;MA;423.39;-0.787879;333.58;Veta;accion;0.0;1;1;423.39;0.0;Cerrado
2025-10-14;Compra;MA;574.86;0.515152;-296.14;Veta;accion;0.515152;0;2;574.86;574.86;Abierto
2023-10-02;Compra;MCD;304.56;0.916667;-279.18;Veta;accion;0.916667;0;1;304.56;304.56;Cerrado
2023-10-09;Venta;MCD;263.04;-0.916667;241.12;Veta;accion;0.0;1;1;263.04;0.0;Cerrado
2024-04-12;Compra;MCD;280.79999999999995;0.5;-140.39999999999998;Veta;accion;0.5;0;2;280.79999999999995;280.79999999999995;Cerrado
2024-06-28;Compra;MCD;255.6;0.083333;-21.29999999999999;Veta;accion;0.583333;0;2;255.59999999999997;277.2;Cerrado
2024-08-19;Venta;MCD;285.6;-0.291667;83.30000000000001;Veta;accion;0.291666;0;2;285.6;277.2;Cerrado
2024-09-12;Venta;MCD;293.04;-0.291667;85.47000000000001;Veta;accion;-1e-06;1;2;293.04;0.0;Cerrado
2024-11-07;Compra;MELI;1851.6;0.108333;-200.58999999999992;Veta;accion;0.108333;0;1;1851.6;1851.6;Cerrado
2024-11-26;Venta;MELI;2191.2000000000003;-0.108333;237.37999999999994;Veta;accion;0.0;1;1;2191.2000000000003;0.0;Cerrado
2024-12-18;Compra;MELI;0.0;0.0583;-0.0;Quantfury;accion;0.0583;0;2;0.0;0.0;Abierto
2024-12-20;Compra;MELI;0.0;0.0291;-0.0;Quantfury;accion;0.0874;0;2;0.0;0.0;Abierto
2025-01-06;Compra;MELI;1820.4;0.041667;-75.84999999999988;Veta;accion;0.129067;0;2;1820.3999999999999;587.6807851239663;Abierto
2025-02-25;Venta;MELI;0.0;-0.0873;0.0;Quantfury;accion;0.041767;0;2;0.0;587.6807851239663;Abierto
2025-02-25;Venta;MELI;2143.2;-0.041667;89.29999999999986;Veta;accion;0.0001;0;2;2143.2;587.6807851239663;Abierto
2025-10-15;Compra;MELI;2174.4;0.091667;-199.31999999999988;Veta;accion;0.091767;0;2;2174.4;2172.670919853023;Abierto
2026-02-25;Compra;MELI;0.0;0.0582;-0.0;Quantfury;accion;0.149967;0;2;0.0;1329.4872287964815;Abierto
2023-01-30;Compra;META;154.8;2.0;-309.6;Veta;accion;2.0;0;1;154.8;154.8;Cerrado
2023-02-03;Venta;META;193.2;-2.0;386.4;Veta;accion;0.0;1;1;193.2;0.0;Cerrado
2025-10-30;Compra;META;670.8;0.166667;-111.79999999999995;Veta;accion;0.166667;0;2;670.8;670.8;Abierto
2025-11-04;Compra;META;637.92;0.25;-159.48;Veta;accion;0.416667;0;2;637.92;651.072;Abierto
2024-05-11;Compra;MQ;3.44;29.0698;-100.000112;Quantfury;accion;29.0698;0;1;3.44;3.44;Cerrado
2025-01-07;Venta;MQ;5.81;-29.0698;168.895538;Quantfury;accion;0.0;1;1;5.81;0.0;Cerrado
2023-06-22;Compra;MRK;121.4;2.0;-242.8;Veta;accion;2.0;0;1;121.4;121.4;Cerrado
2023-07-12;Venta;MRK;114.1;-2.0;228.2;Veta;accion;0.0;1;1;114.1;0.0;Cerrado
2023-07-26;Compra;MSFT;363.9;0.533333;-194.07999999999998;Veta;accion;0.533333;0;1;363.9;363.9;Abierto
2023-08-04;Compra;MSFT;374.4;0.233333;-87.35999999999999;Veta;accion;0.766666;0;1;374.4;367.095652173913;Abierto
2023-08-18;Compra;MSFT;359.7;0.233333;-83.92999999999999;Veta;accion;0.999999;0;1;359.7;365.37;Abierto
2023-09-28;Compra;MSFT;370.5;0.266667;-98.79999999999998;Veta;accion;1.266666;0;1;370.5;366.45;Abierto
2024-03-10;Compra;MSFT;415.87;0.1202;-49.987574;Quantfury;accion;1.386866;0;1;415.87;370.73324087871936;Abierto
2024-08-05;Compra;MSFT;399.0;0.2;-79.80000000000001;Veta;accion;1.586866;0;1;399.00000000000006;374.29582867705756;Abierto
2024-09-12;Compra;MSFT;430.8;0.2;-86.16000000000001;Veta;accion;1.786866;0;1;430.8;380.62021452822444;Abierto
2024-10-01;Compra;MSFT;433.2;0.1;-43.32;Veta;accion;1.886866;0;1;433.2;383.40683355121365;Abierto
2024-10-30;Compra;MSFT;444.0;0.133333;-59.19999999999999;Veta;accion;2.020199;0;1;444.0;387.4059865359866;Abierto
2024-10-31;Compra;MSFT;418.2;0.233333;-97.57999999999998;Veta;accion;2.253532;0;1;418.2;390.59443274265595;Abierto
2024-11-06;Compra;MSFT;426.0;0.166667;-70.99999999999997;Veta;accion;2.420199;0;1;426.0;393.03263118750516;Abierto
2024-11-15;Compra;MSFT;414.92;0.1687;-69.997004;Quantfury;accion;2.588899;0;1;414.9200000000001;394.45887365290287;Abierto
2024-11-21;Compra;MSFT;413.8;0.2417;-100.01546;Quantfury;accion;2.830599;0;1;413.8;396.1103787182931;Abierto
2025-02-25;Compra;MSFT;401.4;0.233333;-93.65999999999998;Veta;accion;3.063932;0;1;401.4;396.51320894710517;Abierto
2025-12-05;Compra;MSFT;492.9;0.133333;-65.71999999999998;Veta;accion;3.197265;0;1;492.9;400.5327586063097;Abierto
2026-01-29;Compra;MSFT;442.5;0.233333;-103.24999999999999;Veta;accion;3.430598;0;1;442.5;403.38717367224405;Abierto
2026-03-02;Compra;MSFT;409.95;0.1708;-70.01946;Quantfury;accion;3.601398;0;1;409.94999999999993;403.69842228022446;Abierto
2026-05-02;Compra;MSFT;395.96;0.1515;-59.987939999999995;Quantfury;accion;3.752898;0;1;395.96;403.3860316022277;Abierto
2023-06-22;Compra;MSI;303.4;0.7;-212.37999999999997;Veta;accion;0.7;0;1;303.4;303.4;Cerrado
2023-08-07;Compra;MSI;327.8;0.2;-65.56;Veta;accion;0.9;0;1;327.8;308.8222222222222;Cerrado
2023-08-10;Venta;MSI;326.6;-0.25;81.65;Veta;accion;0.65;0;1;326.6;308.8222222222222;Cerrado
2023-08-10;Compra;MSI;320.0;0.25;-80.0;Veta;accion;0.9;0;1;320.0;311.92716049382716;Cerrado
2023-08-11;Venta;MSI;324.20000000000005;-0.2;64.84000000000002;Veta;accion;0.7;0;1;324.20000000000005;311.92716049382716;Cerrado
2023-08-11;Compra;MSI;317.8;0.2;-63.56;Veta;accion;0.9;0;1;317.8;313.2322359396434;Cerrado
2023-08-14;Venta;MSI;314.6;-0.2;62.92000000000001;Veta;accion;0.7;0;1;314.6;313.2322359396434;Cerrado
2023-08-14;Compra;MSI;305.79999999999995;0.2;-61.16;Veta;accion;0.9;0;1;305.79999999999995;311.58062795305597;Cerrado
2023-09-28;Venta;MSI;318.2;-0.9;286.38;Veta;accion;0.0;1;1;318.2;0.0;Cerrado
2024-04-09;Compra;MU;89.4;0.4474;-39.99756000000001;Quantfury;accion;0.4474;0;1;89.4;89.4;Abierto
2024-06-08;Compra;MU;90.73;1.6533;-150.003909;Quantfury;accion;2.1007;0;1;90.72999999999999;90.44674108630457;Abierto
2024-08-26;Compra;MU;98.71;0.5065;-49.99661499999999;Quantfury;accion;2.6072;0;1;98.71;92.0520420374348;Abierto
2024-09-19;Compra;MU;89.98;0.4446;-40.005108;Quantfury;accion;3.0518;0;1;89.98;91.75017760010485;Abierto
2024-11-15;Compra;MU;96.69;0.7241;-70.013229;Quantfury;accion;3.7759;0;1;96.69;92.69748166000159;Abierto
2024-12-09;Compra;MU;87.03;0.4596;-39.998988000000004;Quantfury;accion;4.2355;0;1;87.03;92.08249533703221;Abierto
2024-12-19;Compra;MU;86.53;1.1557;-100.002721;Quantfury;accion;5.3912;0;1;86.53;90.89221880100905;Abierto
2025-04-04;Compra;MU;64.9;1.2;-77.88000000000001;Veta;accion;6.5912;0;1;64.9;86.1600512804952;Abierto
2025-09-11;Venta;MU;149.14999999999998;-1.2;178.97999999999996;Veta;accion;5.3912;0;1;149.14999999999998;86.1600512804952;Abierto
2025-11-09;Venta;MU;151.03;-0.6601;99.69490300000001;Quantfury;accion;4.7311;0;1;151.03;86.1600512804952;Abierto
2025-12-08;Venta;MU;127.62;-3.3006;421.222572;Quantfury;accion;1.4305;0;1;127.61999999999999;86.1600512804952;Abierto
2026-01-29;Venta;MU;433.89;-0.4401;190.95498899999998;Quantfury;accion;0.9904;0;1;433.89;86.1600512804952;Abierto
2026-02-03;Venta;MU;411.75;-0.4401;181.211175;Quantfury;accion;0.5503;0;1;411.75;86.1600512804952;Abierto
2024-10-07;Compra;NEE;72.85;0.2745;-19.997325;Quantfury;accion;0.2745;0;1;72.85;72.85;Cerrado
2025-10-14;Venta;NEE;83.97;-0.2745;23.049765;Quantfury;accion;0.0;1;1;83.97;0.0;Cerrado
2023-05-08;Compra;NFLX;352.96000000000004;0.625;-220.59999999999997;Veta;accion;0.625;0;1;352.96000000000004;1058.88;Cerrado
2023-05-18;Venta;NFLX;375.52;-0.625;234.69999999999993;Veta;accion;0.0;1;1;375.52;0.0;Cerrado
2024-08-07;Compra;NICE;172.95;0.1156;-19.993019999999998;Quantfury;accion;0.1156;0;1;172.95;172.95;Cerrado
2024-12-08;Venta;NICE;154.75;-0.1156;17.8891;Quantfury;accion;0.0;1;1;154.75;0.0;Cerrado
2024-04-09;Compra;NKE;95.52;1.25;-119.39999999999999;Veta;accion;1.25;0;1;95.52;95.52;Abierto
2024-06-28;Compra;NKE;75.12;1.25;-93.9;Veta;accion;2.5;0;1;75.12;85.32000000000001;Abierto
2024-10-02;Compra;NKE;85.67999999999999;0.5;-42.839999999999996;Veta;accion;3.0;0;1;85.67999999999999;85.38;Abierto
2024-10-30;Compra;NKE;78.36;1.166667;-91.42;Veta;accion;4.166667;0;1;78.36;83.4144;Abierto
2024-05-12;Compra;NU;11.99;12.5104;-149.999696;Quantfury;accion;12.5104;0;1;11.99;11.99;Abierto
2024-12-30;Compra;NU;10.69;9.3545;-99.99960499999999;Quantfury;accion;21.8649;0;1;10.69;11.433818631688231;Abierto
2025-05-21;Venta;NU;12.1;-21.8649;264.56649999999996;Quantfury;accion;0.0;0;1;12.1;0.0;Abierto
2024-09-06;Compra;NVDA;104.4;1.041667;-108.75000000000001;Veta;accion;1.041667;0;1;104.4;104.4;Cerrado
2024-09-10;Compra;NVDA;132.51;1.5093;-199.997343;Quantfury;accion;2.550967;0;1;132.51;121.03150818643913;Cerrado
2024-10-08;Venta;NVDA;136.8;-1.041667;142.50000000000003;Veta;accion;1.5093;0;1;136.8;121.03150818643913;Cerrado
2025-02-27;Venta;NVDA;126.82;-1.5093;191.409426;Quantfury;accion;0.0;1;1;126.82;0.0;Cerrado
2024-05-08;Venta;OWL;15.67;-1.1274;17.666358;Quantfury;accion;-1.1274;0;1;15.67;0.0;Cerrado
2024-12-07;Compra;OWL;17.74;1.1274;-20.000075999999996;Quantfury;accion;0.0;1;1;17.74;17.74;Cerrado
2023-01-12;Compra;OXY;66.6;4.0;-266.4;Veta;accion;4.0;0;1;66.6;66.6;Cerrado
2023-02-07;Compra;OXY;67.0;4.0;-268.0;Veta;accion;8.0;0;1;67.0;66.8;Cerrado
2023-02-22;Venta;OXY;60.55;-8.0;484.4;Veta;accion;0.0;1;1;60.55;0.0;Cerrado
2023-08-02;Compra;OXY;68.5;1.4;-95.89999999999999;Veta;accion;1.4;0;2;68.5;68.5;Cerrado
2023-09-28;Venta;OXY;76.39999999999999;-1.4;106.95999999999998;Veta;accion;0.0;1;2;76.39999999999999;0.0;Cerrado
2023-12-07;Compra;OXY;57.65;1.6;-92.24000000000001;Veta;accion;1.6;0;3;57.650000000000006;57.650000000000006;Cerrado
2023-12-07;Compra;OXY;57.1;2.4;-137.04;Veta;accion;4.0;0;3;57.1;57.32;Cerrado
2024-04-12;Venta;OXY;73.15;-2.0;146.3;Veta;accion;2.0;0;3;73.15;57.32;Cerrado
2024-06-09;Venta;OXY;51.88;-1.7316;89.835408;Quantfury;accion;0.2684;0;3;51.88;57.32;Cerrado
2024-08-13;Compra;OXY;57.75;1.7316;-99.9999;Quantfury;accion;2.0;0;3;57.75;57.692294;Cerrado
2024-09-06;Venta;OXY;52.2;-2.0;104.4;Veta;accion;0.0;1;3;52.2;0.0;Cerrado
2024-12-12;Compra;OXY;49.400000000000006;3.0;-148.20000000000002;Veta;accion;3.0;0;4;49.400000000000006;49.400000000000006;Cerrado
2025-10-15;Venta;OXY;42.3;-3.0;126.89999999999999;Veta;accion;0.0;1;4;42.3;0.0;Cerrado
2023-02-28;Compra;PAAS;15.36;13.333333;-204.8;Veta;accion;13.333333;0;1;15.36;15.36;Cerrado
2023-03-07;Venta;PAAS;15.27;-13.333333;203.6;Veta;accion;0.0;1;1;15.27;0.0;Cerrado
2023-06-07;Compra;PAAS;16.14;11.0;-177.54000000000002;Veta;accion;11.0;0;2;16.14;16.14;Cerrado
2023-06-26;Compra;PAAS;15.69;6.0;-94.14;Veta;accion;17.0;0;2;15.69;15.981176470588236;Cerrado
2023-08-08;Compra;PAAS;17.88;3.333333;-59.599999999999994;Veta;accion;20.333333;0;2;17.88;16.292459016393444;Cerrado
2023-08-08;Venta;PAAS;18.57;-3.333333;61.9;Veta;accion;17.0;0;2;18.57;16.292459016393444;Cerrado
2023-08-09;Compra;PAAS;17.13;0.333333;-5.709999999999999;Veta;accion;17.333333;0;2;17.13;16.30856557377049;Cerrado
2023-08-09;Venta;PAAS;17.28;-0.333333;5.76;Veta;accion;17.0;0;2;17.28;16.30856557377049;Cerrado
2024-04-10;Venta;PAAS;19.83;-7.0;138.81;Veta;accion;10.0;0;2;19.830000000000002;16.30856557377049;Cerrado
2024-10-21;Venta;PAAS;25.380000000000003;-2.333333;59.22;Veta;accion;7.666667;0;2;25.380000000000003;16.30856557377049;Cerrado
2024-10-22;Venta;PAAS;26.01;-7.666667;164.73;Veta;accion;0.0;1;2;26.009999999999998;16.30856557377049;Cerrado
2024-06-12;Compra;PBR;14.5;10.0;-145.0;Veta;accion;10.0;0;1;14.5;14.5;Cerrado
2025-03-07;Compra;PBR;13.01;10.0;-130.1;Veta;accion;20.0;0;1;13.01;13.755;Cerrado
2025-05-08;Compra;PBR;11.88;9.0;-106.92;Veta;accion;29.0;0;1;11.88;13.173103448275864;Cerrado
2026-01-29;Venta;PBR;15.99;-14.0;223.86;Veta;accion;15.0;0;1;15.99;13.173103448275864;Cerrado
2026-03-03;Venta;PBR;17.38;-15.0;260.7;Veta;accion;0.0;1;1;17.38;0.0;Cerrado
2023-10-09;Compra;PEP;170.34;1.5;-255.51;Veta;accion;1.5;0;1;170.34;511.02;Cerrado
2024-09-12;Venta;PEP;176.76;-1.5;265.14;Veta;accion;0.0;1;1;176.76;0.0;Cerrado
2023-05-22;Compra;PFE;41.24;8.0;-329.92;Veta;accion;8.0;0;1;41.24;82.48;Cerrado
2023-06-26;Compra;PFE;39.3;5.0;-196.5;Veta;accion;13.0;0;1;39.3;80.98769230769231;Cerrado
2023-08-08;Venta;PFE;42.04;-4.0;168.16;Veta;accion;9.0;0;1;42.04;80.98769230769231;Cerrado
2023-08-08;Compra;PFE;41.3;4.0;-165.2;Veta;accion;13.0;0;1;41.3;81.48378698224853;Cerrado
2023-08-09;Compra;PFE;40.5;6.0;-243.0;Veta;accion;19.0;0;1;40.5;81.331012145749;Cerrado
2023-08-09;Venta;PFE;41.24;-6.0;247.44;Veta;accion;13.0;0;1;41.24;81.331012145749;Cerrado
2024-02-26;Venta;PFE;29.6;-8.25;244.20000000000002;Veta;accion;4.75;0;1;29.6;0.0;Cerrado
2024-09-05;Compra;PFE;28.92;3.5;-101.22;Veta;accion;8.25;0;1;28.919999999999998;28.919999999999998;Cerrado
2024-11-15;Compra;PFE;25.8;4.0;-103.2;Veta;accion;12.25;0;1;25.8;27.256000000000004;Cerrado
2025-07-16;Venta;PFE;24.72;-4.0;98.88;Veta;accion;8.25;0;1;24.72;27.256000000000004;Cerrado
2025-08-13;Venta;PFE;25.12;-8.25;207.24;Veta;accion;0.0;1;1;25.12;0.0;Cerrado
2023-06-15;Compra;PYPL;70.64;2.625;-185.43;Veta;accion;2.625;0;1;70.64;70.64;Cerrado
2023-07-19;Venta;PYPL;80.48;-1.25;100.60000000000001;Veta;accion;1.375;0;1;80.48;70.64;Cerrado
2023-07-19;Compra;PYPL;80.0;1.25;-100.0;Veta;accion;2.625;0;1;80.0;75.09714285714286;Cerrado
2023-07-20;Venta;PYPL;78.0;-2.625;204.75;Veta;accion;0.0;1;1;78.0;0.0;Cerrado
2024-08-19;Compra;QCOM;173.25;1.0;-173.25;Veta;accion;1.0;0;1;173.25;173.25;Cerrado
2024-09-26;Compra;QCOM;177.10000000000002;0.545455;-96.60000000000001;Veta;accion;1.545455;0;1;177.10000000000002;174.60882352941178;Cerrado
2025-10-14;Venta;QCOM;163.9;-1.545455;253.3;Veta;accion;0.0;1;1;163.9;0.0;Cerrado
2024-09-10;Compra;QQQ;465.4;0.4;-186.16;Veta;accion;0.4;0;1;465.4;465.4;Abierto
2024-11-15;Compra;QQQ;517.0;0.2;-103.4;Veta;accion;0.6;0;1;517.0;482.5999999999999;Abierto
2023-02-28;Compra;RIO;72.12;3.25;-234.39000000000001;Veta;accion;3.25;0;1;72.12;144.24;Cerrado
2023-03-07;Venta;RIO;71.52;-3.25;232.44;Veta;accion;0.0;1;1;71.52;0.0;Cerrado
2024-04-12;Venta;RKT;13.74;-13.5645;186.37623000000002;Quantfury;accion;-13.5645;0;1;13.74;0.0;Cerrado
2024-11-13;Compra;RKT;14.01;7.1378;-100.000578;Quantfury;accion;-6.4267;0;1;14.01;14.01;Cerrado
2024-12-11;Compra;RKT;15.56;6.4267;-99.999452;Quantfury;accion;0.0;1;1;15.56;14.744371705554942;Cerrado
2023-07-25;Compra;RTX;92.45;2.0;-184.9;Veta;accion;2.0;0;1;92.45;92.45;Cerrado
2023-08-10;Venta;RTX;99.75;-0.2;19.950000000000003;Veta;accion;1.8;0;1;99.75000000000001;92.45;Cerrado
2023-08-10;Compra;RTX;97.9;0.2;-19.580000000000002;Veta;accion;2.0;0;1;97.9;92.995;Cerrado
2023-08-11;Venta;RTX;98.35;-1.6;157.36;Veta;accion;0.4;0;1;98.35000000000001;92.995;Cerrado
2023-08-11;Compra;RTX;96.2;1.6;-153.92000000000002;Veta;accion;2.0;0;1;96.2;95.559;Cerrado
2024-05-13;Venta;RTX;109.7;-2.0;219.4;Veta;accion;0.0;1;1;109.7;0.0;Cerrado
2025-07-16;Compra;SATL;3.64;55.0;-200.20000000000002;Veta;accion;55.0;0;1;3.64;3.64;Cerrado
2026-01-29;Venta;SATL;5.46;-20.0;109.2;Veta;accion;35.0;0;1;5.46;3.64;Cerrado
2026-03-03;Venta;SATL;3.1;-35.0;108.5;Veta;accion;0.0;1;1;3.1;0.0;Cerrado
2024-01-25;Compra;SBUX;97.44;1.666667;-162.4;Veta;accion;1.666667;0;1;97.44;97.44;Cerrado
2024-05-13;Compra;SBUX;79.44;1.5;-119.16;Veta;accion;3.166667;0;1;79.44;88.91368421052631;Cerrado
2025-01-30;Venta;SBUX;109.2;-3.166667;345.8;Veta;accion;0.0;1;1;109.2;0.0;Cerrado
2025-03-21;Compra;SH;44.96;3.5;-157.36;Veta;accion;3.5;0;1;44.96;44.96;Cerrado
2025-03-25;Venta;SH;43.2;-3.5;151.20000000000002;Veta;accion;0.0;1;1;43.2;0.0;Cerrado
2024-06-12;Compra;SLB;41.16;1.2148;-50.001168;Quantfury;accion;1.2148;0;1;41.16;41.16;Abierto
2024-11-22;Compra;SLB;44.53;3.3685;-149.999305;Quantfury;accion;4.5833;0;1;44.529999999999994;43.63678419479414;Abierto
2026-03-02;Venta;SLB;48.88;-2.2916;112.013408;Quantfury;accion;2.2917;0;1;48.88;43.63678419479414;Abierto
2024-02-08;Venta;SM;40.5;-0.4263;17.265150000000002;Quantfury;accion;-0.4263;0;1;40.5;0.0;Cerrado
2024-07-16;Compra;SM;46.91;0.4263;-19.997733;Quantfury;accion;0.0;1;1;46.91;46.91;Cerrado
2024-06-28;Compra;SNOW;135.9;0.666667;-90.6;Veta;accion;0.666667;0;1;135.9;135.9;Cerrado
2024-08-05;Compra;SNOW;112.5;0.033333;-3.749999999999996;Veta;accion;0.7;0;1;112.5;134.78571428571428;Cerrado
2024-08-15;Compra;SNOW;128.1;0.733333;-93.93999999999998;Veta;accion;1.433333;0;1;128.1;131.36511627906975;Cerrado
2025-08-28;Venta;SNOW;239.4;-0.7;167.57999999999998;Veta;accion;0.733333;0;1;239.4;131.36511627906975;Cerrado
2026-01-29;Venta;SNOW;205.2;-0.733333;150.48;Veta;accion;0.0;1;1;205.2;0.0;Cerrado
2023-06-27;Compra;SONY;19.192;11.25;-215.91;Veta;accion;11.25;0;1;95.96;191.92;Cerrado
2023-08-10;Venta;SONY;19.608;-5.0;98.04;Veta;accion;6.25;0;1;98.04;191.92;Cerrado
2023-08-10;Compra;SONY;19.36;5.0;-96.8;Veta;accion;11.25;0;1;96.8;192.66666666666666;Cerrado
2024-11-08;Venta;SONY;20.24;-11.25;227.7;Veta;accion;0.0;1;1;20.24;0.0;Cerrado
2024-08-19;Compra;ST;37.3;0.5362;-20.000259999999997;Quantfury;accion;0.5362;0;1;37.3;37.3;Cerrado
2024-11-15;Venta;ST;31.69;-0.5362;16.992178000000003;Quantfury;accion;0.0;1;1;31.690000000000005;0.0;Cerrado
2024-12-11;Compra;STLA;13.31;7.5131;-99.999361;Quantfury;accion;7.5131;0;1;13.31;13.31;Cerrado
2026-03-03;Venta;STLA;7.18;-7.5131;53.944058;Quantfury;accion;0.0;1;1;7.18;0.0;Cerrado
2024-06-12;Compra;STNE;9.13;5.4765;-50.000445;Quantfury;accion;5.4765;0;1;9.13;9.13;Cerrado
2024-11-26;Compra;STNE;11.25;23.333333;-262.49999999999994;Veta;accion;28.809833;0;1;11.25;10.847006346212808;Cerrado
2025-01-06;Compra;STNE;8.43;11.0;-92.72999999999999;Veta;accion;39.809833;0;1;8.43;10.17915452212393;Cerrado
2025-05-06;Venta;STNE;13.59;-34.333333;466.59000000000003;Veta;accion;5.4765;0;1;13.59;10.17915452212393;Cerrado
2025-06-05;Venta;STNE;13.48;-5.4765;73.82321999999999;Quantfury;accion;0.0;1;1;13.479999999999999;0.0;Cerrado
2023-05-31;Compra;T;16.62;18.333333;-304.69999999999993;Veta;accion;18.333333;0;1;16.62;16.62;Cerrado
2023-07-17;Compra;T;14.91;18.333333;-273.3499999999999;Veta;accion;36.666666;0;1;14.909999999999998;15.765;Cerrado
2023-07-21;Compra;T;15.84;1.333333;-21.119999999999997;Veta;accion;37.999999;0;1;15.839999999999998;15.767631578947368;Cerrado
2023-07-21;Venta;T;15.72;-1.333333;20.96;Veta;accion;36.666666;0;1;15.72;15.767631578947368;Cerrado
2023-08-18;Venta;T;15.81;-18.333333;289.8499999999999;Veta;accion;18.333333;0;1;15.809999999999999;15.767631578947368;Cerrado
2024-09-10;Venta;T;21.9;-18.333333;401.4999999999999;Veta;accion;0.0;1;1;21.9;0.0;Cerrado
2023-06-07;Compra;TEN;29.04;6.0;-174.24;Veta;accion;6.0;0;1;29.040000000000003;29.040000000000003;Cerrado
2023-06-30;Venta;TEN;31.77;-6.0;190.62;Veta;accion;0.0;1;1;31.77;0.0;Cerrado
2024-06-28;Compra;TEN;30.86;3.0;-92.58;Veta;accion;3.0;0;2;30.86;30.86;Cerrado
2024-11-19;Venta;TEN;37.89;-3.0;113.67;Veta;accion;0.0;1;2;37.89;0.0;Cerrado
2023-06-07;Compra;TGT;138.96;1.25;-173.70000000000002;Veta;accion;1.25;0;1;138.96;138.96;Cerrado
2023-07-21;Compra;TGT;145.92000000000002;0.625;-91.20000000000002;Veta;accion;1.875;0;1;145.92000000000002;141.28000000000003;Cerrado
2023-07-21;Venta;TGT;147.36;-0.625;92.10000000000001;Veta;accion;1.25;0;1;147.36;141.28000000000003;Cerrado
2023-07-28;Venta;TGT;149.28;-0.625;93.3;Veta;accion;0.625;0;1;149.28;141.28000000000003;Cerrado
2023-07-28;Compra;TGT;145.44;0.625;-90.9;Veta;accion;1.25;0;1;145.44;143.36;Cerrado
2023-07-31;Venta;TGT;152.39999999999998;-0.041667;6.349999999999989;Veta;accion;1.208333;0;1;152.39999999999998;143.36;Cerrado
2023-07-31;Compra;TGT;148.32;0.041667;-6.17999999999999;Veta;accion;1.25;0;1;148.32;143.52533333333335;Cerrado
2023-08-01;Venta;TGT;147.84;-0.416667;61.6;Veta;accion;0.833333;0;1;147.84;143.52533333333335;Cerrado
2023-08-01;Compra;TGT;147.36;0.416667;-61.400000000000006;Veta;accion;1.25;0;1;147.36;144.80355555555556;Cerrado
2023-09-25;Compra;TGT;123.12;0.208333;-25.649999999999995;Veta;accion;1.458333;0;1;123.12;141.70590476190478;Cerrado
2023-09-25;Venta;TGT;126.24;-0.333333;42.08;Veta;accion;1.125;0;1;126.24;141.70590476190478;Cerrado
2024-03-06;Venta;TGT;180.48;-1.125;203.04;Veta;accion;0.0;1;1;180.48;0.0;Cerrado
2024-11-20;Compra;TGT;121.66;1.2329;-149.994614;Quantfury;accion;1.2329;0;2;121.66;121.66;Cerrado
2025-03-17;Compra;TGT;107.28;1.458333;-156.45;Veta;accion;2.691233;0;2;107.28;113.86772384408636;Cerrado
2025-06-27;Compra;TGT;100.56;1.25;-125.7;Veta;accion;3.941233;0;2;100.56;109.64705143060125;Cerrado
2025-10-14;Venta;TGT;89.28;-2.708333;241.79999999999998;Veta;accion;1.2329;0;2;89.28;109.64705143060125;Cerrado
2025-10-15;Venta;TGT;90.51;-1.2329;111.58977900000002;Quantfury;accion;-0.0;1;2;90.51;0.0;Cerrado
2024-01-08;Venta;TPR;38.99;-0.4738;18.473462;Quantfury;accion;-0.4738;0;1;38.99;0.0;Cerrado
2024-10-07;Compra;TPR;42.21;0.4738;-19.999098;Quantfury;accion;0.0;1;1;42.21;42.21;Cerrado
2024-08-13;Compra;TS;27.99;3.5727;-99.999873;Quantfury;accion;3.5727;0;1;27.989999999999995;27.989999999999995;Cerrado
2024-11-18;Venta;TS;37.49;-3.5727;133.940523;Quantfury;accion;0.0;1;1;37.49;0.0;Cerrado
2024-01-31;Compra;TSLA;204.75;0.466667;-95.55;Veta;accion;0.466667;0;1;204.75;204.75;Cerrado
2024-04-19;Compra;TSLA;153.3;0.6;-91.98;Veta;accion;1.066667;0;1;153.3;175.80937500000002;Cerrado
2024-07-11;Venta;TSLA;298.14;-0.4585;136.69719;Quantfury;accion;0.608167;0;1;298.14;175.80937500000002;Cerrado
2024-11-07;Venta;TSLA;305.55;-0.333333;101.85;Veta;accion;0.274834;0;1;305.55;175.80937500000002;Cerrado
2024-11-10;Compra;TSLA;218.28;0.2291;-50.007948;Quantfury;accion;0.503934;0;1;218.28;195.11752459816114;Cerrado
2024-11-10;Compra;TSLA;217.98;0.2294;-50.004611999999995;Quantfury;accion;0.733334;0;1;217.98;202.26932258522726;Cerrado
2024-12-09;Venta;TSLA;389.85;-0.733333;285.89;Veta;accion;1e-06;1;1;389.85;0.0;Cerrado
2025-02-25;Compra;TSLA;305.25;0.8;-244.20000000000002;Veta;accion;0.800001;0;2;305.25;305.25;Cerrado
2025-03-07;Compra;TSLA;264.0;0.4;-105.60000000000001;Veta;accion;1.200001;0;2;264.0;291.49999999999994;Cerrado
2025-06-05;Venta;TSLA;285.75;-1.2;342.9;Veta;accion;1e-06;1;2;285.75;0.0;Cerrado
2024-12-08;Compra;TSM;167.35;0.1195;-19.998324999999998;Quantfury;accion;0.1195;0;1;167.35;167.35;Cerrado
2025-10-14;Venta;TSM;293.53;-0.1195;35.076834999999996;Quantfury;accion;0.0;1;1;293.53;0.0;Cerrado
2023-09-28;Compra;UAL;50.4;4.0;-201.6;Veta;accion;4.0;0;1;50.4;50.4;Cerrado
2024-09-26;Venta;UAL;59.7;-4.0;238.8;Veta;accion;0.0;1;1;59.7;0.0;Cerrado
2024-10-04;Compra;UN;13.58;7.0;-95.06;Veta;accion;7.0;0;1;13.58;13.58;Cerrado
2024-10-23;Venta;UN;15.0;-7.0;105.0;Veta;accion;0.0;1;1;15.0;0.0;Cerrado
2025-03-11;Compra;UN;10.64;7.5;-79.80000000000001;Veta;accion;7.5;0;2;10.640000000000002;10.640000000000002;Cerrado
2025-05-21;Venta;UN;12.26;-7.5;91.95;Veta;accion;0.0;1;2;12.26;0.0;Cerrado
2023-07-12;Compra;UNH;483.45;0.424242;-205.09999999999997;Veta;accion;0.424242;0;1;483.45;483.45;Cerrado
2023-07-28;Compra;UNH;538.89;0.090909;-48.989999999999995;Veta;accion;0.515151;0;1;538.89;493.23352941176466;Cerrado
2023-07-28;Venta;UNH;535.59;-0.090909;48.69;Veta;accion;0.424242;0;1;535.59;493.23352941176466;Cerrado
2023-08-02;Venta;UNH;556.71;-0.121212;67.48;Veta;accion;0.30303;0;1;556.71;493.23352941176466;Cerrado
2023-08-02;Compra;UNH;559.6800000000001;0.121212;-67.84;Veta;accion;0.424242;0;1;559.6800000000001;512.2182352941177;Cerrado
2023-08-03;Venta;UNH;569.91;-0.30303;172.69999999999996;Veta;accion;0.121212;0;1;569.91;512.2182352941177;Cerrado
2023-08-03;Compra;UNH;570.9;0.30303;-172.99999999999997;Veta;accion;0.424242;0;1;570.9;554.1337815126051;Cerrado
2023-10-05;Venta;UNH;635.58;-0.424242;269.64;Veta;accion;0.0;1;1;635.58;0.0;Cerrado
2024-04-08;Compra;UNH;480.48;0.484848;-232.95999999999998;Veta;accion;0.484848;0;2;480.48;480.48;Cerrado
2024-10-15;Compra;UNH;582.78;0.181818;-105.95999999999998;Veta;accion;0.666666;0;2;582.78;508.37999999999994;Cerrado
2024-12-16;Venta;UNH;507.87;-0.666667;338.58;Veta;accion;-1e-06;1;2;507.87;0.0;Cerrado
2025-02-26;Compra;UNH;464.97;0.393939;-183.17000000000002;Veta;accion;0.393938;0;3;464.9700000000001;464.9700000000001;Cerrado
2025-04-04;Venta;UNH;522.39;-0.393939;205.79;Veta;accion;-1e-06;1;3;522.39;0.0;Cerrado
2025-04-23;Compra;UNH;439.23;0.787879;-346.06;Veta;accion;0.787878;0;4;439.23;439.23;Abierto
2025-05-15;Compra;UNH;258.97;0.3867;-100.14369900000001;Quantfury;accion;1.174578;0;4;258.97;379.8840091483472;Abierto
2025-05-15;Compra;UNH;;0.363636;;Veta;accion;1.538214;0;4;;;Abierto
2026-03-02;Compra;UNH;281.35;0.1777;-49.995895000000004;Quantfury;accion;1.715914;0;4;281.35;;Abierto
2023-06-02;Compra;USB;33.9;7.4;-250.86;Veta;accion;7.4;0;1;33.9;33.9;Cerrado
2023-09-28;Compra;USB;38.7;6.6;-255.42000000000002;Veta;accion;14.0;0;1;38.7;36.16285714285714;Cerrado
2025-11-20;Venta;USB;48.4;-1.4;67.75999999999999;Veta;accion;12.6;0;1;48.4;36.16285714285714;Cerrado
2025-12-05;Venta;USB;52.400000000000006;-6.2;324.88000000000005;Veta;accion;6.4;0;1;52.400000000000006;36.16285714285714;Cerrado
2026-01-29;Venta;USB;57.8;-1.6;92.48;Veta;accion;4.8;0;1;57.8;36.16285714285714;Cerrado
2026-03-03;Venta;USB;54.8;-4.8;263.03999999999996;Veta;accion;0.0;1;1;54.8;0.0;Cerrado
2024-07-02;Compra;VALE;11.08;8.0;-88.64;Veta;accion;8.0;0;1;11.08;11.08;Cerrado
2024-08-13;Compra;VALE;10.36;8.6873;-90.000428;Quantfury;accion;16.6873;0;1;10.36;10.70517267622683;Cerrado
2024-12-12;Compra;VALE;9.44;9.5339;-90.00001599999999;Quantfury;accion;26.2212;0;1;9.44;10.24516208258966;Cerrado
2025-01-17;Compra;VALE;9.18;9.0;-82.62;Veta;accion;35.2212;0;1;9.18;9.972983430433944;Cerrado
2025-01-17;Compra;VALE;8.94;5.5928;-49.999632;Quantfury;accion;40.814;0;1;8.94;9.831432253638459;Cerrado
2025-11-11;Venta;VALE;12.42;-4.5;55.89;Veta;accion;36.314;0;1;12.42;9.831432253638459;Cerrado
2026-03-03;Venta;VALE;15.8;-23.814;376.26120000000003;Quantfury;accion;12.5;0;1;15.8;9.831432253638459;Cerrado
2026-03-03;Venta;VALE;16.2;-12.5;202.5;Veta;accion;0.0;1;1;16.2;0.0;Cerrado
2024-09-16;Compra;VMI;279.42;0.0716;-20.006472;Quantfury;accion;0.0716;0;1;279.42;279.42;Cerrado
2025-10-14;Venta;VMI;396.03;-0.0716;28.355748;Quantfury;accion;0.0;1;1;396.03;0.0;Cerrado
2024-07-23;Compra;VRT;90.92;0.22;-20.0024;Quantfury;accion;0.22;0;1;90.92;90.92;Cerrado
2024-07-24;Venta;VRT;78.3;-0.22;17.226;Quantfury;accion;0.0;1;1;78.3;0.0;Cerrado
2024-09-20;Venta;VST;107.59;-0.2561;27.553799;Quantfury;accion;-0.2561;0;1;107.59;0.0;Cerrado
2024-12-08;Compra;VST;78.08;0.2561;-19.996288;Quantfury;accion;0.0;1;1;78.08;78.08;Cerrado
2024-05-08;Venta;WAB;149.94;-0.1246;18.682524;Quantfury;accion;-0.1246;0;1;149.94;0.0;Cerrado
2024-10-07;Compra;WAB;160.46;0.1246;-19.993316;Quantfury;accion;0.0;1;1;160.46;160.46;Cerrado
2023-01-23;Compra;WBA;38.19;3.333333;-127.29999999999998;Veta;accion;3.333333;0;1;38.19;38.19;Cerrado
2023-02-07;Compra;WBA;38.16;3.333333;-127.19999999999997;Veta;accion;6.666666;0;1;38.16;38.175;Cerrado
2023-03-07;Venta;WBA;34.8;-6.666667;232.0;Veta;accion;-1e-06;1;1;34.8;0.0;Cerrado
2024-06-11;Venta;WFC;73.22;-0.3561;26.073642000000003;Quantfury;accion;-0.3561;0;1;73.22;0.0;Cerrado
2024-09-20;Compra;WFC;56.17;0.3561;-20.002137;Quantfury;accion;0.0;1;1;56.17;56.17;Cerrado
2022-12-27;Compra;XOM;111.45;0.6;-66.87;Veta;accion;0.6;0;1;111.45000000000002;222.90000000000003;Cerrado
2023-01-06;Venta;XOM;113.45;-0.6;68.07;Veta;accion;0.0;1;1;113.44999999999999;0.0;Cerrado
2023-06-07;Compra;XOM;113.6;2.0;-227.2;Veta;accion;2.0;0;2;113.6;227.2;Cerrado
2023-08-07;Compra;XOM;124.35;0.8;-99.48;Veta;accion;2.8;0;2;124.35;233.34285714285716;Cerrado
2023-09-28;Venta;XOM;138.8;-2.8;388.64;Veta;accion;0.0;1;2;138.8;0.0;Cerrado
2024-06-12;Compra;XP;18.44;8.5;-156.74;Veta;accion;8.5;0;1;18.44;18.44;Cerrado
2024-06-14;Venta;XP;17.32;-8.5;147.22;Veta;accion;0.0;1;1;17.32;0.0;Cerrado
2024-11-26;Compra;XP;16.72;16.25;-271.7;Veta;accion;16.25;0;2;16.72;16.72;Cerrado
2024-11-27;Venta;XP;15.24;-16.25;247.65;Veta;accion;0.0;1;2;15.24;0.0;Cerrado
2025-01-22;Compra;XP;12.32;16.25;-200.20000000000002;Veta;accion;16.25;0;3;12.32;12.32;Cerrado
2025-11-11;Venta;XP;20.04;-8.0;160.32;Veta;accion;8.25;0;3;20.04;12.32;Cerrado
2026-01-29;Venta;XP;20.64;-3.25;67.08;Veta;accion;5.0;0;3;20.64;12.32;Cerrado
2026-03-03;Venta;XP;20.68;-5.0;103.4;Veta;accion;0.0;1;3;20.68;0.0;Cerrado
2024-06-11;Venta;YPF;28.35;-0.9359;26.532765;Quantfury;accion;-0.9359;0;1;28.35;0.0;Cerrado
2024-07-11;Venta;YPF;28.84;-0.0004;0.011536000000000001;Quantfury;accion;-0.9363;0;1;28.84;0.0;Cerrado
2024-12-08;Compra;YPF;21.37;0.9363;-20.008731;Quantfury;accion;0.0;1;1;21.37;21.37;Cerrado
2022-11-14;Compra;;;;;Veta;bonos;;0;;;;Abierto
2022-11-14;Compra;;;;;Veta;bonos;;0;;;;Abierto
2022-11-14;Compra;;;;;Veta;bonos;;0;;;;Abierto
2022-11-14;Compra;;;;;Veta;bonos;;0;;;;Abierto
2022-12-06;Compra;;;;;Veta;bonos;;0;;;;Abierto
2022-12-06;Compra;;;;;Veta;bonos;;0;;;;Abierto
2022-12-06;Compra;;;;;Veta;bonos;;0;;;;Abierto
2022-12-06;Compra;;;;;Veta;bonos;;0;;;;Abierto
2022-12-06;Compra;;;;;Veta;bonos;;0;;;;Abierto
2022-12-20;Compra;;;;;Veta;bonos;;0;;;;Abierto
2022-12-22;Compra;;;;;Veta;bonos;;0;;;;Abierto
2022-12-30;Compra;;;;;Veta;bonos;;0;;;;Abierto
2023-01-06;Venta;;;;;Veta;bonos;;0;;;;Abierto
2023-01-06;Compra;;;;;Veta;bonos;;0;;;;Abierto
2023-01-12;Venta;;;;;Veta;bonos;;0;;;;Abierto
2023-01-12;Venta;;;;;Veta;bonos;;0;;;;Abierto
2023-01-17;Compra;;;;;Veta;bonos;;0;;;;Abierto
2023-01-18;Venta;;;;;Veta;bonos;;0;;;;Abierto
2023-01-30;Compra;;;;;Veta;bonos;;0;;;;Abierto
2023-01-31;Compra;;;;;Veta;bonos;;0;;;;Abierto
2023-01-31;Compra;;;;;Veta;bonos;;0;;;;Abierto
2023-02-01;Compra;;;;;Veta;bonos;;0;;;;Abierto
2023-02-03;Compra;;;;;Veta;bonos;;0;;;;Abierto
2023-02-03;Compra;;;;;Veta;bonos;;0;;;;Abierto
2023-02-03;Compra;;;;;Veta;bonos;;0;;;;Abierto
2023-02-03;Compra;;;;;Veta;bonos;;0;;;;Abierto
2023-02-03;Compra;;;;;Veta;bonos;;0;;;;Abierto
2023-02-03;Compra;;;;;Veta;bonos;;0;;;;Abierto
2023-02-08;Compra;;;;;Veta;bonos;;0;;;;Abierto
2023-03-01;Compra;;;;;Veta;bonos;;0;;;;Abierto
2023-03-07;Venta;;;;;Veta;bonos;;0;;;;Abierto
2023-03-08;Compra;;;;;Veta;bonos;;0;;;;Abierto
2023-03-08;Compra;;;;;Veta;bonos;;0;;;;Abierto
2023-03-08;Compra;;;;;Veta;bonos;;0;;;;Abierto
2023-03-08;Compra;;;;;Veta;bonos;;0;;;;Abierto
2023-03-08;Compra;;;;;Veta;bonos;;0;;;;Abierto
2023-03-08;Compra;;;;;Veta;bonos;;0;;;;Abierto
2023-03-08;Compra;;;;;Veta;bonos;;0;;;;Abierto
2023-03-08;Compra;;;;;Veta;bonos;;0;;;;Abierto
2023-03-08;Compra;;;;;Veta;bonos;;0;;;;Abierto
2023-03-08;Compra;;;;;Veta;bonos;;0;;;;Abierto
2023-03-16;Venta;;;;;Veta;bonos;;0;;;;Abierto
2023-03-16;Venta;;;;;Veta;bonos;;0;;;;Abierto
2023-03-16;Compra;;;;;Veta;bonos;;0;;;;Abierto
2023-03-30;Compra;;;;;Veta;bonos;;0;;;;Abierto
2023-04-11;Compra;;;;;Veta;bonos;;0;;;;Abierto
2023-05-09;Compra;;;;;Veta;bonos;;0;;;;Abierto
2023-05-09;Venta;;;;;Veta;bonos;;0;;;;Abierto
2023-05-09;Venta;;;;;Veta;bonos;;0;;;;Abierto
2023-05-11;Venta;;;;;Veta;bonos;;0;;;;Abierto
2023-05-11;Venta;;;;;Veta;bonos;;0;;;;Abierto
2023-05-11;Venta;;;;;Veta;bonos;;0;;;;Abierto
2023-05-11;Venta;;;;;Veta;bonos;;0;;;;Abierto
2023-05-11;Venta;;;;;Veta;bonos;;0;;;;Abierto
2023-05-23;Compra;;;;;Veta;bonos;;0;;;;Abierto
2023-05-23;Venta;;;;;Veta;bonos;;0;;;;Abierto
2023-06-02;Venta;;;;;Veta;bonos;;0;;;;Abierto
2023-06-06;Venta;;;;;Veta;bonos;;0;;;;Abierto
2023-06-06;Venta;;;;;Veta;bonos;;0;;;;Abierto
2023-06-07;Venta;;;;;Veta;bonos;;0;;;;Abierto
2023-06-07;Venta;;;;;Veta;bonos;;0;;;;Abierto
2023-06-07;Compra;;;;;Veta;bonos;;0;;;;Abierto
2023-06-07;Venta;;;;;Veta;bonos;;0;;;;Abierto
2023-06-13;Venta;;;;;Veta;bonos;;0;;;;Abierto
2023-06-15;Venta;;;;;Veta;bonos;;0;;;;Abierto
2023-06-15;Venta;;;;;Veta;bonos;;0;;;;Abierto
2023-06-22;Venta;;;;;Veta;bonos;;0;;;;Abierto
2023-06-22;Compra;;;;;Veta;bonos;;0;;;;Abierto
2023-06-22;Venta;;;;;Veta;bonos;;0;;;;Abierto
2023-06-22;Venta;;;;;Veta;bonos;;0;;;;Abierto
2023-06-26;Venta;;;;;Veta;bonos;;0;;;;Abierto
2023-06-27;Venta;;;;;Veta;bonos;;0;;;;Abierto
2023-06-30;Compra;;;;;Veta;bonos;;0;;;;Abierto
2023-07-04;Compra;;;;;Veta;bonos;;0;;;;Abierto
2023-07-05;Compra;;;;;Veta;bonos;;0;;;;Abierto
2023-07-05;Compra;;;;;Veta;bonos;;0;;;;Abierto
2023-07-05;Venta;;;;;Veta;bonos;;0;;;;Abierto
2023-07-06;Venta;;;;;Veta;bonos;;0;;;;Abierto
2023-07-06;Venta;;;;;Veta;bonos;;0;;;;Abierto
2023-07-07;Compra;;;;;Veta;bonos;;0;;;;Abierto
2023-07-10;Venta;;;;;Veta;bonos;;0;;;;Abierto
2023-07-11;Compra;;;;;Veta;bonos;;0;;;;Abierto
2023-07-11;Compra;;;;;Veta;bonos;;0;;;;Abierto
2023-07-12;Compra;;;;;Veta;bonos;;0;;;;Abierto
2023-07-14;Compra;;;;;Veta;bonos;;0;;;;Abierto
2023-07-17;Compra;;;;;Veta;bonos;;0;;;;Abierto
2023-07-19;Compra;;;;;Veta;bonos;;0;;;;Abierto
2023-07-19;Compra;;;;;Veta;bonos;;0;;;;Abierto
2023-07-19;Compra;;;;;Veta;bonos;;0;;;;Abierto
2023-07-19;Venta;;;;;Veta;bonos;;0;;;;Abierto
2023-07-20;Venta;;;;;Veta;bonos;;0;;;;Abierto
2023-07-20;Compra;;;;;Veta;bonos;;0;;;;Abierto
2023-07-20;Compra;;;;;Veta;bonos;;0;;;;Abierto
2023-07-20;Compra;;;;;Veta;bonos;;0;;;;Abierto
2023-07-21;Venta;;;;;Veta;bonos;;0;;;;Abierto
2023-07-21;Compra;;;;;Veta;bonos;;0;;;;Abierto
2023-07-24;Venta;;;;;Veta;bonos;;0;;;;Abierto
2023-07-24;Compra;;;;;Veta;bonos;;0;;;;Abierto
2023-07-26;Venta;;;;;Veta;bonos;;0;;;;Abierto
2023-07-26;Venta;;;;;Veta;bonos;;0;;;;Abierto
2023-07-27;Compra;;;;;Veta;bonos;;0;;;;Abierto
2023-07-27;Venta;;;;;Veta;bonos;;0;;;;Abierto
2023-07-27;Compra;;;;;Veta;bonos;;0;;;;Abierto
2023-07-27;Compra;;;;;Veta;bonos;;0;;;;Abierto
2023-07-27;Venta;;;;;Veta;bonos;;0;;;;Abierto
2023-07-27;Compra;;;;;Veta;bonos;;0;;;;Abierto
2023-07-28;Venta;;;;;Veta;bonos;;0;;;;Abierto
2023-07-28;Compra;;;;;Veta;bonos;;0;;;;Abierto
2023-07-31;Venta;;;;;Veta;bonos;;0;;;;Abierto
2023-07-31;Venta;;;;;Veta;bonos;;0;;;;Abierto
2023-07-31;Venta;;;;;Veta;bonos;;0;;;;Abierto
2023-07-31;Compra;;;;;Veta;bonos;;0;;;;Abierto
2023-07-31;Compra;;;;;Veta;bonos;;0;;;;Abierto
2023-08-01;Compra;;;;;Veta;bonos;;0;;;;Abierto
2023-08-02;Compra;;;;;Veta;bonos;;0;;;;Abierto
2023-08-02;Compra;;;;;Veta;bonos;;0;;;;Abierto
2023-08-02;Compra;;;;;Veta;bonos;;0;;;;Abierto
2023-08-02;Compra;;;;;Veta;bonos;;0;;;;Abierto
2023-08-02;Compra;;;;;Veta;bonos;;0;;;;Abierto
2023-08-02;Venta;;;;;Veta;bonos;;0;;;;Abierto
2023-08-02;Compra;;;;;Veta;bonos;;0;;;;Abierto
2023-08-02;Compra;;;;;Veta;bonos;;0;;;;Abierto
2023-08-03;Compra;;;;;Veta;bonos;;0;;;;Abierto
2023-08-03;Venta;;;;;Veta;bonos;;0;;;;Abierto
2023-08-03;Venta;;;;;Veta;bonos;;0;;;;Abierto
2023-08-03;Compra;;;;;Veta;bonos;;0;;;;Abierto
2023-08-04;Venta;;;;;Veta;bonos;;0;;;;Abierto
2023-08-04;Venta;;;;;Veta;bonos;;0;;;;Abierto
2023-08-04;Compra;;;;;Veta;bonos;;0;;;;Abierto
2023-08-04;Compra;;;;;Veta;bonos;;0;;;;Abierto
2023-08-04;Venta;;;;;Veta;bonos;;0;;;;Abierto
2023-08-04;Compra;;;;;Veta;bonos;;0;;;;Abierto
2023-08-04;Compra;;;;;Veta;bonos;;0;;;;Abierto
2023-08-07;Compra;;;;;Veta;bonos;;0;;;;Abierto
2023-08-08;Venta;;;;;Veta;bonos;;0;;;;Abierto
2023-08-08;Compra;;;;;Veta;bonos;;0;;;;Abierto
2023-08-08;Venta;;;;;Veta;bonos;;0;;;;Abierto
2023-08-08;Compra;;;;;Veta;bonos;;0;;;;Abierto
2023-08-09;Compra;;;;;Veta;bonos;;0;;;;Abierto
2023-08-10;Venta;;;;;Veta;bonos;;0;;;;Abierto
2023-08-10;Compra;;;;;Veta;bonos;;0;;;;Abierto
2023-08-10;Venta;;;;;Veta;bonos;;0;;;;Abierto
2023-08-10;Compra;;;;;Veta;bonos;;0;;;;Abierto
2023-08-11;Compra;;;;;Veta;bonos;;0;;;;Abierto
2023-08-11;Venta;;;;;Veta;bonos;;0;;;;Abierto
2023-08-11;Venta;;;;;Veta;bonos;;0;;;;Abierto
2023-08-11;Compra;;;;;Veta;bonos;;0;;;;Abierto
2023-08-11;Venta;;;;;Veta;bonos;;0;;;;Abierto
2023-08-11;Compra;;;;;Veta;bonos;;0;;;;Abierto
2023-08-11;Compra;;;;;Veta;bonos;;0;;;;Abierto
2023-08-14;Venta;;;;;Veta;bonos;;0;;;;Abierto
2023-08-14;Venta;;;;;Veta;bonos;;0;;;;Abierto
2023-08-14;Venta;;;;;Veta;bonos;;0;;;;Abierto
2023-08-14;Compra;;;;;Veta;bonos;;0;;;;Abierto
2023-08-14;Compra;;;;;Veta;bonos;;0;;;;Abierto
2023-08-14;Compra;;;;;Veta;bonos;;0;;;;Abierto
2023-08-14;Compra;;;;;Veta;bonos;;0;;;;Abierto
2023-08-14;Venta;;;;;Veta;bonos;;0;;;;Abierto
2023-08-14;Compra;;;;;Veta;bonos;;0;;;;Abierto
2023-08-15;Venta;;;;;Veta;bonos;;0;;;;Abierto
2023-08-15;Compra;;;;;Veta;bonos;;0;;;;Abierto
2023-08-15;Venta;;;;;Veta;bonos;;0;;;;Abierto
2023-08-15;Compra;;;;;Veta;bonos;;0;;;;Abierto
2023-08-17;Venta;;;;;Veta;bonos;;0;;;;Abierto
2023-08-17;Venta;;;;;Veta;bonos;;0;;;;Abierto
2023-08-18;Compra;;;;;Veta;bonos;;0;;;;Abierto
2023-08-18;Venta;;;;;Veta;bonos;;0;;;;Abierto
2023-08-18;Compra;;;;;Veta;bonos;;0;;;;Abierto
2023-08-25;Compra;;;;;Veta;bonos;;0;;;;Abierto
2023-08-29;Compra;;;;;Veta;bonos;;0;;;;Abierto
2023-08-29;Venta;;;;;Veta;bonos;;0;;;;Abierto
2023-08-29;Venta;;;;;Veta;bonos;;0;;;;Abierto
2023-08-29;Compra;;;;;Veta;bonos;;0;;;;Abierto
2023-08-29;Compra;;;;;Veta;bonos;;0;;;;Abierto
2023-08-29;Compra;;;;;Veta;bonos;;0;;;;Abierto
2023-08-29;Compra;;;;;Veta;bonos;;0;;;;Abierto
2023-08-29;Compra;;;;;Veta;bonos;;0;;;;Abierto
2023-08-29;Compra;;;;;Veta;bonos;;0;;;;Abierto
2023-08-29;Compra;;;;;Veta;bonos;;0;;;;Abierto
2023-09-06;Venta;;;;;Veta;bonos;;0;;;;Abierto
2023-09-08;Compra;;;;;Veta;bonos;;0;;;;Abierto
2023-10-09;Venta;;;;;Veta;bonos;;0;;;;Abierto
2023-10-17;Compra;;;;;Veta;bonos;;0;;;;Abierto
2023-10-17;Compra;;;;;Veta;bonos;;0;;;;Abierto
2023-10-18;Compra;;;;;Veta;bonos;;0;;;;Abierto
2023-10-31;Venta;;;;;Veta;bonos;;0;;;;Abierto
2023-10-31;Venta;;;;;Veta;bonos;;0;;;;Abierto
2023-11-09;Compra;;;;;Veta;bonos;;0;;;;Abierto
2023-11-09;Compra;;;;;Veta;bonos;;0;;;;Abierto
2023-11-09;Venta;;;;;Veta;bonos;;0;;;;Abierto
2023-11-09;Compra;;;;;Veta;bonos;;0;;;;Abierto
2023-11-16;Compra;;;;;Veta;bonos;;0;;;;Abierto
2023-11-16;Venta;;;;;Veta;bonos;;0;;;;Abierto
2023-12-06;Venta;;;;;Veta;bonos;;0;;;;Abierto
2023-12-06;Venta;;;;;Veta;bonos;;0;;;;Abierto
2023-12-06;Compra;;;;;Veta;bonos;;0;;;;Abierto
2023-12-06;Compra;;;;;Veta;bonos;;0;;;;Abierto
2023-12-07;Compra;;;;;Veta;bonos;;0;;;;Abierto
2023-12-07;Venta;;;;;Veta;bonos;;0;;;;Abierto
2023-12-07;Venta;;;;;Veta;bonos;;0;;;;Abierto
2023-12-11;Venta;;;;;Veta;bonos;;0;;;;Abierto
2023-12-21;Venta;;;;;Veta;bonos;;0;;;;Abierto
2023-12-21;Compra;;;;;Veta;bonos;;0;;;;Abierto
2023-12-29;Venta;;;;;Veta;bonos;;0;;;;Abierto
2023-12-29;Compra;;;;;Veta;bonos;;0;;;;Abierto
2024-01-16;Compra;;;;;Veta;bonos;;0;;;;Abierto
2024-01-16;Venta;;;;;Veta;bonos;;0;;;;Abierto
2024-01-16;Compra;;;;;Veta;bonos;;0;;;;Abierto
2024-01-16;Compra;;;;;Veta;bonos;;0;;;;Abierto
2024-01-17;Venta;;;;;Veta;bonos;;0;;;;Abierto
2024-01-17;Compra;;;;;Veta;bonos;;0;;;;Abierto
2024-01-25;Venta;;;;;Veta;bonos;;0;;;;Abierto
2024-01-31;Venta;;;;;Veta;bonos;;0;;;;Abierto
2024-01-31;Compra;;;;;Veta;bonos;;0;;;;Abierto
2024-01-31;Venta;;;;;Veta;bonos;;0;;;;Abierto
2024-01-31;Compra;;;;;Veta;bonos;;0;;;;Abierto
2024-01-31;Compra;;;;;Veta;bonos;;0;;;;Abierto
2024-01-31;Compra;;;;;Veta;bonos;;0;;;;Abierto
2024-01-31;Venta;;;;;Veta;bonos;;0;;;;Abierto
2024-02-05;Venta;;;;;Veta;bonos;;0;;;;Abierto
2024-02-05;Compra;;;;;Veta;bonos;;0;;;;Abierto
2024-02-09;Compra;;;;;Veta;bonos;;0;;;;Abierto
2024-02-09;Venta;;;;;Veta;bonos;;0;;;;Abierto
2024-02-27;Compra;;;;;Veta;bonos;;0;;;;Abierto
2024-02-27;Venta;;;;;Veta;bonos;;0;;;;Abierto
2024-03-05;Compra;;;;;Veta;bonos;;0;;;;Abierto
2024-03-05;Compra;;;;;Veta;bonos;;0;;;;Abierto
2024-03-05;Venta;;;;;Veta;bonos;;0;;;;Abierto
2024-04-09;Venta;;;;;Veta;bonos;;0;;;;Abierto
2024-04-10;Compra;;;;;Veta;bonos;;0;;;;Abierto
2024-04-11;Compra;;;;;Veta;bonos;;0;;;;Abierto
2024-04-12;Compra;;;;;Veta;bonos;;0;;;;Abierto
2024-06-14;Compra;;;;;Veta;bonos;;0;;;;Abierto
2024-06-14;Compra;;;;;Veta;bonos;;0;;;;Abierto
2024-06-14;Compra;;;;;Veta;bonos;;0;;;;Abierto
2024-06-28;Venta;;;;;Veta;bonos;;0;;;;Abierto
2024-07-02;Compra;;;;;Veta;bonos;;0;;;;Abierto
2024-07-08;Compra;;;;;Veta;bonos;;0;;;;Abierto
2024-07-08;Venta;;;;;Veta;bonos;;0;;;;Abierto
2024-07-10;Compra;;;;;Veta;bonos;;0;;;;Abierto
2024-07-10;Venta;;;;;Veta;bonos;;0;;;;Abierto
2024-07-22;Compra;;;;;Veta;bonos;;0;;;;Abierto
2024-07-22;Compra;;;;;Veta;bonos;;0;;;;Abierto
2024-07-22;Venta;;;;;Veta;bonos;;0;;;;Abierto
2024-07-22;Compra;;;;;Veta;bonos;;0;;;;Abierto
2024-07-29;Venta;;;;;Veta;bonos;;0;;;;Abierto
2024-07-29;Compra;;;;;Veta;bonos;;0;;;;Abierto
2024-07-31;Venta;;;;;Veta;bonos;;0;;;;Abierto
2024-07-31;Compra;;;;;Veta;bonos;;0;;;;Abierto
2024-08-02;Venta;;;;;Veta;bonos;;0;;;;Abierto
2024-08-02;Venta;;;;;Veta;bonos;;0;;;;Abierto
2024-08-07;Compra;;;;;Veta;bonos;;0;;;;Abierto
2024-08-07;Venta;;;;;Veta;bonos;;0;;;;Abierto
2024-08-12;Venta;;;;;Veta;bonos;;0;;;;Abierto
2024-08-12;Compra;;;;;Veta;bonos;;0;;;;Abierto
2024-08-13;Compra;;;;;Veta;bonos;;0;;;;Abierto
2024-08-13;Compra;;;;;Veta;bonos;;0;;;;Abierto
2024-08-13;Compra;;;;;Veta;bonos;;0;;;;Abierto
2024-08-13;Compra;;;;;Veta;bonos;;0;;;;Abierto
2024-08-13;Compra;;;;;Veta;bonos;;0;;;;Abierto
2024-08-15;Compra;;;;;Veta;bonos;;0;;;;Abierto
2024-08-15;Compra;;;;;Veta;bonos;;0;;;;Abierto
2024-08-16;Venta;;;;;Veta;bonos;;0;;;;Abierto
2024-08-16;Compra;;;;;Veta;bonos;;0;;;;Abierto
2024-08-16;Venta;;;;;Veta;bonos;;0;;;;Abierto
2024-08-19;Venta;;;;;Veta;bonos;;0;;;;Abierto
2024-09-02;Venta;;;;;Veta;bonos;;0;;;;Abierto
2024-09-02;Compra;;;;;Veta;bonos;;0;;;;Abierto
2024-09-03;Compra;;;;;Veta;bonos;;0;;;;Abierto
2024-09-05;Venta;;;;;Veta;bonos;;0;;;;Abierto
2024-09-05;Venta;;;;;Veta;bonos;;0;;;;Abierto
2024-09-11;Venta;;;;;Veta;bonos;;0;;;;Abierto
2024-09-12;Compra;;;;;Veta;bonos;;0;;;;Abierto
2024-09-13;Venta;;;;;Veta;bonos;;0;;;;Abierto
2024-09-13;Compra;;;;;Veta;bonos;;0;;;;Abierto
2024-09-16;Venta;;;;;Veta;bonos;;0;;;;Abierto
2024-09-16;Compra;;;;;Veta;bonos;;0;;;;Abierto
2024-09-16;Compra;;;;;Veta;bonos;;0;;;;Abierto
2024-09-16;Venta;;;;;Veta;bonos;;0;;;;Abierto
2024-09-18;Venta;;;;;Veta;bonos;;0;;;;Abierto
2024-09-18;Venta;;;;;Veta;bonos;;0;;;;Abierto
2024-09-18;Compra;;;;;Veta;bonos;;0;;;;Abierto
2024-09-20;Compra;;;;;Veta;bonos;;0;;;;Abierto
2024-09-20;Venta;;;;;Veta;bonos;;0;;;;Abierto
2024-09-20;Compra;;;;;Veta;bonos;;0;;;;Abierto
2024-09-20;Compra;;;;;Veta;bonos;;0;;;;Abierto
2024-09-26;Compra;;;;;Veta;bonos;;0;;;;Abierto
2024-09-26;Compra;;;;;Veta;bonos;;0;;;;Abierto
2024-09-27;Compra;;;;;Veta;bonos;;0;;;;Abierto
2024-09-27;Venta;;;;;Veta;bonos;;0;;;;Abierto
2024-09-27;Compra;;;;;Veta;bonos;;0;;;;Abierto
2024-10-01;Venta;;;;;Veta;bonos;;0;;;;Abierto
2024-10-01;Venta;;;;;Veta;bonos;;0;;;;Abierto
2024-10-04;Compra;;;;;Veta;bonos;;0;;;;Abierto
2024-10-04;Venta;;;;;Veta;bonos;;0;;;;Abierto
2024-10-04;Compra;;;;;Veta;bonos;;0;;;;Abierto
2024-10-04;Compra;;;;;Veta;bonos;;0;;;;Abierto
2024-10-04;Compra;;;;;Veta;bonos;;0;;;;Abierto
2024-10-08;Compra;;;;;Veta;bonos;;0;;;;Abierto
2024-10-08;Compra;;;;;Veta;bonos;;0;;;;Abierto
2024-10-15;Compra;;;;;Veta;bonos;;0;;;;Abierto
2024-10-15;Compra;;;;;Veta;bonos;;0;;;;Abierto
2024-10-15;Venta;;;;;Veta;bonos;;0;;;;Abierto
2024-10-15;Venta;;;;;Veta;bonos;;0;;;;Abierto
2024-10-18;Venta;;;;;Veta;bonos;;0;;;;Abierto
2024-10-18;Venta;;;;;Veta;bonos;;0;;;;Abierto
2024-10-22;Venta;;;;;Veta;bonos;;0;;;;Abierto
2024-10-22;Compra;;;;;Veta;bonos;;0;;;;Abierto
2024-10-22;Venta;;;;;Veta;bonos;;0;;;;Abierto
2024-10-22;Compra;;;;;Veta;bonos;;0;;;;Abierto
2024-10-22;Compra;;;;;Veta;bonos;;0;;;;Abierto
2024-10-24;Compra;;;;;Veta;bonos;;0;;;;Abierto
2024-10-24;Compra;;;;;Veta;bonos;;0;;;;Abierto
2024-10-28;Venta;;;;;Veta;bonos;;0;;;;Abierto
2024-10-30;Venta;;;;;Veta;bonos;;0;;;;Abierto
2024-11-06;Compra;;;;;Veta;bonos;;0;;;;Abierto
2024-11-06;Compra;;;;;Veta;bonos;;0;;;;Abierto
2024-11-07;Compra;;;;;Veta;bonos;;0;;;;Abierto
2024-11-07;Venta;;;;;Veta;bonos;;0;;;;Abierto
2024-11-07;Compra;;;;;Veta;bonos;;0;;;;Abierto
2024-11-08;Compra;;;;;Veta;bonos;;0;;;;Abierto
2024-11-08;Venta;;;;;Veta;bonos;;0;;;;Abierto
2024-11-11;Compra;;;;;Veta;bonos;;0;;;;Abierto
2024-11-11;Compra;;;;;Veta;bonos;;0;;;;Abierto
2024-11-11;Venta;;;;;Veta;bonos;;0;;;;Abierto
2024-11-11;Compra;;;;;Veta;bonos;;0;;;;Abierto
2024-11-11;Compra;;;;;Veta;bonos;;0;;;;Abierto
2024-11-12;Compra;;;;;Veta;bonos;;0;;;;Abierto
2024-11-12;Venta;;;;;Veta;bonos;;0;;;;Abierto
2024-11-12;Compra;;;;;Veta;bonos;;0;;;;Abierto
2024-11-12;Compra;;;;;Veta;bonos;;0;;;;Abierto
2024-11-13;Venta;;;;;Veta;bonos;;0;;;;Abierto
2024-11-13;Compra;;;;;Veta;bonos;;0;;;;Abierto
2024-11-14;Compra;;;;;Veta;bonos;;0;;;;Abierto
2024-11-14;Compra;;;;;Veta;bonos;;0;;;;Abierto
2024-11-15;Compra;;;;;Veta;bonos;;0;;;;Abierto
2024-11-15;Compra;;;;;Veta;bonos;;0;;;;Abierto
2024-11-15;Venta;;;;;Veta;bonos;;0;;;;Abierto
2024-11-19;Compra;;;;;Veta;bonos;;0;;;;Abierto
2024-11-19;Compra;;;;;Veta;bonos;;0;;;;Abierto
2024-11-19;Venta;;;;;Veta;bonos;;0;;;;Abierto
2024-11-19;Venta;;;;;Veta;bonos;;0;;;;Abierto
2024-11-19;Venta;;;;;Veta;bonos;;0;;;;Abierto
2024-11-19;Compra;;;;;Veta;bonos;;0;;;;Abierto
2024-11-22;Compra;;;;;Veta;bonos;;0;;;;Abierto
2024-11-22;Compra;;;;;Veta;bonos;;0;;;;Abierto
2024-11-22;Venta;;;;;Veta;bonos;;0;;;;Abierto
2024-11-22;Compra;;;;;Veta;bonos;;0;;;;Abierto
2024-11-25;Compra;;;;;Veta;bonos;;0;;;;Abierto
2024-11-25;Compra;;;;;Veta;bonos;;0;;;;Abierto
2024-11-25;Compra;;;;;Veta;bonos;;0;;;;Abierto
2024-11-25;Venta;;;;;Veta;bonos;;0;;;;Abierto
2024-11-26;Venta;;;;;Veta;bonos;;0;;;;Abierto
2024-11-26;Venta;;;;;Veta;bonos;;0;;;;Abierto
2024-11-26;Compra;;;;;Veta;bonos;;0;;;;Abierto
2024-11-27;Venta;;;;;Veta;bonos;;0;;;;Abierto
2024-11-27;Compra;;;;;Veta;bonos;;0;;;;Abierto
2024-11-28;Venta;;;;;Veta;bonos;;0;;;;Abierto
2024-11-28;Compra;;;;;Veta;bonos;;0;;;;Abierto
2024-11-28;Compra;;;;;Veta;bonos;;0;;;;Abierto
2024-12-02;Compra;;;;;Veta;bonos;;0;;;;Abierto
2024-12-02;Compra;;;;;Veta;bonos;;0;;;;Abierto
2024-12-03;Venta;;;;;Veta;bonos;;0;;;;Abierto
2024-12-03;Compra;;;;;Veta;bonos;;0;;;;Abierto
2024-12-03;Compra;;;;;Veta;bonos;;0;;;;Abierto
2024-12-04;Venta;;;;;Veta;bonos;;0;;;;Abierto
2024-12-05;Venta;;;;;Veta;bonos;;0;;;;Abierto
2024-12-05;Compra;;;;;Veta;bonos;;0;;;;Abierto
2024-12-05;Compra;;;;;Veta;bonos;;0;;;;Abierto
2024-12-05;Compra;;;;;Veta;bonos;;0;;;;Abierto
2024-12-09;Compra;;;;;Veta;bonos;;0;;;;Abierto
2024-12-09;Compra;;;;;Veta;bonos;;0;;;;Abierto
2024-12-10;Compra;;;;;Veta;bonos;;0;;;;Abierto
2024-12-10;Venta;;;;;Veta;bonos;;0;;;;Abierto
2024-12-12;Venta;;;;;Veta;bonos;;0;;;;Abierto
2024-12-16;Compra;;;;;Veta;bonos;;0;;;;Abierto
2024-12-16;Compra;;;;;Veta;bonos;;0;;;;Abierto
2024-12-16;Compra;;;;;Veta;bonos;;0;;;;Abierto
2024-12-17;Compra;;;;;Veta;bonos;;0;;;;Abierto
2024-12-26;Venta;;;;;Veta;bonos;;0;;;;Abierto
2024-12-26;Compra;;;;;Veta;bonos;;0;;;;Abierto
2025-01-07;Compra;;;;;Veta;bonos;;0;;;;Abierto
2025-01-07;Compra;;;;;Veta;bonos;;0;;;;Abierto
2025-01-17;Compra;;;;;Veta;bonos;;0;;;;Abierto
2025-01-17;Venta;;;;;Veta;bonos;;0;;;;Abierto
2025-01-17;Venta;;;;;Veta;bonos;;0;;;;Abierto
2025-01-17;Compra;;;;;Veta;bonos;;0;;;;Abierto
2025-01-17;Venta;;;;;Veta;bonos;;0;;;;Abierto
2025-01-17;Compra;;;;;Veta;bonos;;0;;;;Abierto
2025-01-17;Venta;;;;;Veta;bonos;;0;;;;Abierto
2025-01-17;Compra;;;;;Veta;bonos;;0;;;;Abierto
2025-01-17;Compra;;;;;Veta;bonos;;0;;;;Abierto
2025-01-17;Venta;;;;;Veta;bonos;;0;;;;Abierto
2025-01-17;Venta;;;;;Veta;bonos;;0;;;;Abierto
2025-01-22;Venta;;;;;Veta;bonos;;0;;;;Abierto
2025-01-24;Compra;;;;;Veta;bonos;;0;;;;Abierto
2025-01-31;Compra;;;;;Veta;bonos;;0;;;;Abierto
2025-01-31;Compra;;;;;Veta;bonos;;0;;;;Abierto
2025-01-31;Compra;;;;;Veta;bonos;;0;;;;Abierto
2025-02-06;Venta;;;;;Veta;bonos;;0;;;;Abierto
2025-02-06;Compra;;;;;Veta;bonos;;0;;;;Abierto
2025-02-18;Compra;;;;;Veta;bonos;;0;;;;Abierto
2025-02-18;Compra;;;;;Veta;bonos;;0;;;;Abierto
2025-02-20;Compra;;;;;Veta;bonos;;0;;;;Abierto
2025-02-25;Venta;;;;;Veta;bonos;;0;;;;Abierto
2025-02-25;Venta;;;;;Veta;bonos;;0;;;;Abierto
2025-02-28;Compra;;;;;Veta;bonos;;0;;;;Abierto
2025-02-28;Venta;;;;;Veta;bonos;;0;;;;Abierto
2025-03-07;Venta;;;;;Veta;bonos;;0;;;;Abierto
2025-03-07;Compra;;;;;Veta;bonos;;0;;;;Abierto
2025-03-10;Compra;;;;;Veta;bonos;;0;;;;Abierto
2025-03-10;Compra;;;;;Veta;bonos;;0;;;;Abierto
2025-03-11;Venta;;;;;Veta;bonos;;0;;;;Abierto
2025-03-12;Venta;;;;;Veta;bonos;;0;;;;Abierto
2025-03-12;Compra;;;;;Veta;bonos;;0;;;;Abierto
2025-03-12;Compra;;;;;Veta;bonos;;0;;;;Abierto
2025-03-12;Venta;;;;;Veta;bonos;;0;;;;Abierto
2025-03-14;Compra;;;;;Veta;bonos;;0;;;;Abierto
2025-03-14;Compra;;;;;Veta;bonos;;0;;;;Abierto
2025-03-14;Venta;;;;;Veta;bonos;;0;;;;Abierto
2025-03-14;Compra;;;;;Veta;bonos;;0;;;;Abierto
2025-03-14;Compra;;;;;Veta;bonos;;0;;;;Abierto
2025-03-17;Venta;;;;;Veta;bonos;;0;;;;Abierto
2025-03-17;Venta;;;;;Veta;bonos;;0;;;;Abierto
2025-03-19;Venta;;;;;Veta;bonos;;0;;;;Abierto
2025-03-21;Compra;;;;;Veta;bonos;;0;;;;Abierto
2025-03-26;Compra;;;;;Veta;bonos;;0;;;;Abierto
2025-03-26;Venta;;;;;Veta;bonos;;0;;;;Abierto
2025-03-31;Compra;;;;;Veta;bonos;;0;;;;Abierto
2025-04-03;Compra;;;;;Veta;bonos;;0;;;;Abierto
2025-04-04;Compra;;;;;Veta;bonos;;0;;;;Abierto
2025-04-07;Venta;;;;;Veta;bonos;;0;;;;Abierto
2025-04-09;Compra;;;;;Veta;bonos;;0;;;;Abierto
2025-04-21;Compra;;;;;Veta;bonos;;0;;;;Abierto
2025-04-21;Venta;;;;;Veta;bonos;;0;;;;Abierto
2025-04-24;Compra;;;;;Veta;bonos;;0;;;;Abierto
2025-04-24;Venta;;;;;Veta;bonos;;0;;;;Abierto
2025-04-25;Venta;;;;;Veta;bonos;;0;;;;Abierto
2025-04-25;Compra;;;;;Veta;bonos;;0;;;;Abierto
2025-05-06;Compra;;;;;Veta;bonos;;0;;;;Abierto
2025-05-06;Compra;;;;;Veta;bonos;;0;;;;Abierto
2025-05-13;Venta;;;;;Veta;bonos;;0;;;;Abierto
2025-05-13;Compra;;;;;Veta;bonos;;0;;;;Abierto
2025-05-14;Venta;;;;;Veta;bonos;;0;;;;Abierto
2025-05-14;Compra;;;;;Veta;bonos;;0;;;;Abierto
2025-05-14;Venta;;;;;Veta;bonos;;0;;;;Abierto
2025-05-14;Venta;;;;;Veta;bonos;;0;;;;Abierto
2025-05-14;Compra;;;;;Veta;bonos;;0;;;;Abierto
2025-05-15;Venta;;;;;Veta;bonos;;0;;;;Abierto
2025-05-15;Venta;;;;;Veta;bonos;;0;;;;Abierto
2025-05-15;Compra;;;;;Veta;bonos;;0;;;;Abierto
2025-05-20;Venta;;;;;Veta;bonos;;0;;;;Abierto
2025-05-20;Venta;;;;;Veta;bonos;;0;;;;Abierto
2025-05-20;Compra;;;;;Veta;bonos;;0;;;;Abierto
2025-05-21;Compra;;;;;Veta;bonos;;0;;;;Abierto
2025-05-21;Compra;;;;;Veta;bonos;;0;;;;Abierto
2025-07-04;Venta;;;;;Veta;bonos;;0;;;;Abierto
2025-07-14;Compra;;;;;Veta;bonos;;0;;;;Abierto
2025-07-14;Compra;;;;;Veta;bonos;;0;;;;Abierto
2025-07-14;Compra;;;;;Veta;bonos;;0;;;;Abierto
2025-07-16;Venta;;;;;Veta;bonos;;0;;;;Abierto
2025-08-12;Compra;;;;;Veta;bonos;;0;;;;Abierto
2025-08-29;Compra;;;;;Veta;bonos;;0;;;;Abierto
2025-09-11;Compra;;;;;Veta;bonos;;0;;;;Abierto
2025-09-12;Compra;;;;;Veta;bonos;;0;;;;Abierto
2025-09-17;Compra;;;;;Veta;bonos;;0;;;;Abierto
2025-09-23;Compra;;;;;Veta;bonos;;0;;;;Abierto
2025-10-15;Venta;;;;;Veta;bonos;;0;;;;Abierto
2025-10-15;Venta;;;;;Veta;bonos;;0;;;;Abierto
2025-10-30;Venta;;;;;Veta;bonos;;0;;;;Abierto
2025-10-30;Venta;;;;;Veta;bonos;;0;;;;Abierto
2025-11-11;Compra;;;;;Veta;bonos;;0;;;;Abierto
2025-11-20;Compra;;;;;Veta;bonos;;0;;;;Abierto
2025-11-20;Compra;;;;;Veta;bonos;;0;;;;Abierto
2025-12-05;Compra;;;;;Veta;bonos;;0;;;;Abierto
2026-01-06;Compra;;;;;Veta;bonos;;0;;;;Abierto
2026-01-08;Venta;;;;;Veta;bonos;;0;;;;Abierto
2026-01-08;Venta;;;;;Veta;bonos;;0;;;;Abierto
2026-01-08;Venta;;;;;Veta;bonos;;0;;;;Abierto
2026-01-16;Venta;;;;;Veta;bonos;;0;;;;Abierto
2026-01-21;Venta;;;;;Veta;bonos;;0;;;;Abierto
2026-01-29;Compra;;;;;Veta;bonos;;0;;;;Abierto
2026-01-29;Compra;;;;;Veta;bonos;;0;;;;Abierto
2026-02-27;Venta;;;;;Veta;bonos;;0;;;;Abierto
2026-03-03;Compra;;;;;Veta;bonos;;0;;;;Abierto
2026-03-03;Compra;;;;;Veta;bonos;;0;;;;Abierto
2026-03-05;Compra;;;;;Veta;bonos;;0;;;;Abierto
